<?xml version="1.0" encoding="utf-8"?><asx:abap version="1.0" xmlns:asx="http://www.sap.com/abapxml"><asx:values><PROJECT><APPLICATION><APPLID>ZUI_NAD_PROGRESS_DEMO</APPLID><VERSION>0001</VERSION><APP_TYPE>A</APP_TYPE><CLSNAME>ZCL_NAD_PROGRESS_DEMO</CLSNAME><TITLE/><CREDAT>2017-08-29</CREDAT><CRETIM>16:30:41</CRETIM><CRENAM>JOLT</CRENAM><UPDDAT>2017-08-30</UPDDAT><UPDTIM>20:46:44</UPDTIM><UPDNAM>JOLT</UPDNAM><DESCR>Progress indicatior demo in NAD</DESCR><DESCR_MC>PROGRESS INDICATIOR DEMO IN NAD</DESCR_MC><THEME_JQUERY/><TAG_BODY/><USE_MANIFEST/><USE_CSS_DESKTOP/><USE_CSS_TABLET/><USE_CSS_PHONE/><AUTH_OBJECT/><SH_FILTER/><SH_INSET/><SH_DIVIDER_THEME/><SH_LIST_THEME/><STATEFUL/><CONTENT_TYPE/><LIBRARY>5</LIBRARY><ADDON_MOBI/><ADDON_RGRAPH/><AS_FILE/><ADDON_FONTAW/><UI5_M>X</UI5_M><UI5_ME/><UI5_COMMONS/><UI5_UX3/><UI5_VIZ/><UI5_TABLE/><UI5_SUITE/><UI5_LANGUAGE/><INLINE_CSS/><DISABLED/><UI5_SUITE_UI/><ICFNODE/><UI5_UXAP/><RFCDEST/><UI5_MULTIMODEL/><UI5_TNT/><DEVCLASS>Z_NEPTUNE_UTILS</DEVCLASS><APPLID_BASE/><SAPUI5_VERSION/><UI5_COMP/></APPLICATION><VERSION><APPLID>ZUI_NAD_PROGRESS_DEMO</APPLID><VERSION>0001</VERSION><APP_TYPE>A</APP_TYPE><TITLE/><CREDAT>2017-08-29</CREDAT><CRETIM>16:30:41</CRETIM><CRENAM>JOLT</CRENAM><UPDDAT>2017-08-30</UPDDAT><UPDTIM>20:46:44</UPDTIM><UPDNAM>JOLT</UPDNAM><DESCR>Progress indicatior demo in NAD</DESCR><DESCR_MC>PROGRESS INDICATIOR DEMO IN NAD</DESCR_MC><STATUS>Active</STATUS></VERSION><IT_CONTENT><_-NEPTUNE_-_OBJ><APPLID>ZUI_NAD_PROGRESS_DEMO</APPLID><FIELD_ID>00001</FIELD_ID><VERSION>0001</VERSION><FIELD_NAME>HTML5 Document</FIELD_NAME><FIELD_TYPE>HTML5 DOC</FIELD_TYPE><FIELD_LABEL/><FIELD_POS>00001</FIELD_POS><FIELD_PARENT>00000</FIELD_PARENT><DISABLED/><IS_CONTAINER/><ON_ENTER/><COMBO_TABLE/><COMBO_FIELD/><COMBO_LABEL/><COMBO_TECH/><EVENT_ID/><DESCR/><SH/><SH_KEY/><MEMORYID/><SEL_MULTIPLE/><CHART_FIELD_X/><CHART_FIELD_Y/><CHART_FIELD_DATA/><CHART_COUNT/><DEFAULT_VALUE/><DEFAULT_DATE>0000-00-00</DEFAULT_DATE><CALCULATE_DATE>0</CALCULATE_DATE><DATE_TODAY/><NAV_APPLID/><IS_VIEW>X</IS_VIEW><FLAG1/><FLAG2/><CHART_FIELD_4/><CHART_FIELD_5/><FLAG3/><FLAG4/><FLAG5/><FLAG6/><FLAG7/><EXTEND_ID>00000</EXTEND_ID><EXTEND_TYPE/><ODATA_PATH/></_-NEPTUNE_-_OBJ><_-NEPTUNE_-_OBJ><APPLID>ZUI_NAD_PROGRESS_DEMO</APPLID><FIELD_ID>00002</FIELD_ID><VERSION>0001</VERSION><FIELD_NAME>oShell</FIELD_NAME><FIELD_TYPE>UM5_SHELL</FIELD_TYPE><FIELD_LABEL/><FIELD_POS>00002</FIELD_POS><FIELD_PARENT>00001</FIELD_PARENT><DISABLED/><IS_CONTAINER>X</IS_CONTAINER><ON_ENTER/><COMBO_TABLE/><COMBO_FIELD/><COMBO_LABEL/><COMBO_TECH/><EVENT_ID/><DESCR/><SH/><SH_KEY/><MEMORYID/><SEL_MULTIPLE/><CHART_FIELD_X/><CHART_FIELD_Y/><CHART_FIELD_DATA/><CHART_COUNT/><DEFAULT_VALUE/><DEFAULT_DATE>0000-00-00</DEFAULT_DATE><CALCULATE_DATE>0</CALCULATE_DATE><DATE_TODAY/><NAV_APPLID/><IS_VIEW/><FLAG1/><FLAG2/><CHART_FIELD_4/><CHART_FIELD_5/><FLAG3/><FLAG4/><FLAG5/><FLAG6/><FLAG7/><EXTEND_ID>00000</EXTEND_ID><EXTEND_TYPE/><ODATA_PATH/></_-NEPTUNE_-_OBJ><_-NEPTUNE_-_OBJ><APPLID>ZUI_NAD_PROGRESS_DEMO</APPLID><FIELD_ID>00003</FIELD_ID><VERSION>0001</VERSION><FIELD_NAME>oApp</FIELD_NAME><FIELD_TYPE>UM5_APP</FIELD_TYPE><FIELD_LABEL/><FIELD_POS>00003</FIELD_POS><FIELD_PARENT>00002</FIELD_PARENT><DISABLED/><IS_CONTAINER>X</IS_CONTAINER><ON_ENTER/><COMBO_TABLE/><COMBO_FIELD/><COMBO_LABEL/><COMBO_TECH/><EVENT_ID/><DESCR/><SH/><SH_KEY/><MEMORYID/><SEL_MULTIPLE/><CHART_FIELD_X/><CHART_FIELD_Y/><CHART_FIELD_DATA/><CHART_COUNT/><DEFAULT_VALUE/><DEFAULT_DATE>0000-00-00</DEFAULT_DATE><CALCULATE_DATE>0</CALCULATE_DATE><DATE_TODAY/><NAV_APPLID/><IS_VIEW/><FLAG1/><FLAG2/><CHART_FIELD_4/><CHART_FIELD_5/><FLAG3/><FLAG4/><FLAG5/><FLAG6/><FLAG7/><EXTEND_ID>00000</EXTEND_ID><EXTEND_TYPE/><ODATA_PATH/></_-NEPTUNE_-_OBJ><_-NEPTUNE_-_OBJ><APPLID>ZUI_NAD_PROGRESS_DEMO</APPLID><FIELD_ID>00004</FIELD_ID><VERSION>0001</VERSION><FIELD_NAME>oPageStart</FIELD_NAME><FIELD_TYPE>UM5_PAGE</FIELD_TYPE><FIELD_LABEL/><FIELD_POS>00004</FIELD_POS><FIELD_PARENT>00003</FIELD_PARENT><DISABLED/><IS_CONTAINER>X</IS_CONTAINER><ON_ENTER/><COMBO_TABLE/><COMBO_FIELD/><COMBO_LABEL/><COMBO_TECH/><EVENT_ID/><DESCR/><SH/><SH_KEY/><MEMORYID/><SEL_MULTIPLE/><CHART_FIELD_X/><CHART_FIELD_Y/><CHART_FIELD_DATA/><CHART_COUNT/><DEFAULT_VALUE/><DEFAULT_DATE>0000-00-00</DEFAULT_DATE><CALCULATE_DATE>0</CALCULATE_DATE><DATE_TODAY/><NAV_APPLID/><IS_VIEW/><FLAG1/><FLAG2/><CHART_FIELD_4/><CHART_FIELD_5/><FLAG3/><FLAG4/><FLAG5/><FLAG6/><FLAG7/><EXTEND_ID>00000</EXTEND_ID><EXTEND_TYPE/><ODATA_PATH/></_-NEPTUNE_-_OBJ><_-NEPTUNE_-_OBJ><APPLID>ZUI_NAD_PROGRESS_DEMO</APPLID><FIELD_ID>00007</FIELD_ID><VERSION>0001</VERSION><FIELD_NAME>oPageDialogs</FIELD_NAME><FIELD_TYPE>UM5_PAGE</FIELD_TYPE><FIELD_LABEL/><FIELD_POS>00005</FIELD_POS><FIELD_PARENT>00003</FIELD_PARENT><DISABLED/><IS_CONTAINER>X</IS_CONTAINER><ON_ENTER/><COMBO_TABLE/><COMBO_FIELD/><COMBO_LABEL/><COMBO_TECH/><EVENT_ID/><DESCR/><SH/><SH_KEY/><MEMORYID/><SEL_MULTIPLE/><CHART_FIELD_X/><CHART_FIELD_Y/><CHART_FIELD_DATA/><CHART_COUNT/><DEFAULT_VALUE/><DEFAULT_DATE>0000-00-00</DEFAULT_DATE><CALCULATE_DATE>0</CALCULATE_DATE><DATE_TODAY/><NAV_APPLID/><IS_VIEW/><FLAG1/><FLAG2/><CHART_FIELD_4/><CHART_FIELD_5/><FLAG3/><FLAG4/><FLAG5>X</FLAG5><FLAG6/><FLAG7/><EXTEND_ID>00000</EXTEND_ID><EXTEND_TYPE/><ODATA_PATH/></_-NEPTUNE_-_OBJ><_-NEPTUNE_-_OBJ><APPLID>ZUI_NAD_PROGRESS_DEMO</APPLID><FIELD_ID>00018</FIELD_ID><VERSION>0001</VERSION><FIELD_NAME>oPageHidden</FIELD_NAME><FIELD_TYPE>UM5_PAGE</FIELD_TYPE><FIELD_LABEL/><FIELD_POS>00006</FIELD_POS><FIELD_PARENT>00003</FIELD_PARENT><DISABLED/><IS_CONTAINER>X</IS_CONTAINER><ON_ENTER/><COMBO_TABLE/><COMBO_FIELD/><COMBO_LABEL/><COMBO_TECH/><EVENT_ID/><DESCR/><SH/><SH_KEY/><MEMORYID/><SEL_MULTIPLE/><CHART_FIELD_X/><CHART_FIELD_Y/><CHART_FIELD_DATA/><CHART_COUNT/><DEFAULT_VALUE/><DEFAULT_DATE>0000-00-00</DEFAULT_DATE><CALCULATE_DATE>0</CALCULATE_DATE><DATE_TODAY/><NAV_APPLID/><IS_VIEW/><FLAG1/><FLAG2/><CHART_FIELD_4/><CHART_FIELD_5/><FLAG3/><FLAG4/><FLAG5/><FLAG6/><FLAG7/><EXTEND_ID>00000</EXTEND_ID><EXTEND_TYPE/><ODATA_PATH/></_-NEPTUNE_-_OBJ><_-NEPTUNE_-_OBJ><APPLID>ZUI_NAD_PROGRESS_DEMO</APPLID><FIELD_ID>00020</FIELD_ID><VERSION>0001</VERSION><FIELD_NAME>Scripts</FIELD_NAME><FIELD_TYPE>UM5_PANEL</FIELD_TYPE><FIELD_LABEL/><FIELD_POS>00007</FIELD_POS><FIELD_PARENT>00018</FIELD_PARENT><DISABLED/><IS_CONTAINER>X</IS_CONTAINER><ON_ENTER/><COMBO_TABLE/><COMBO_FIELD/><COMBO_LABEL/><COMBO_TECH/><EVENT_ID/><DESCR/><SH/><SH_KEY/><MEMORYID/><SEL_MULTIPLE/><CHART_FIELD_X/><CHART_FIELD_Y/><CHART_FIELD_DATA/><CHART_COUNT/><DEFAULT_VALUE/><DEFAULT_DATE>0000-00-00</DEFAULT_DATE><CALCULATE_DATE>0</CALCULATE_DATE><DATE_TODAY/><NAV_APPLID/><IS_VIEW/><FLAG1/><FLAG2/><CHART_FIELD_4/><CHART_FIELD_5/><FLAG3/><FLAG4/><FLAG5/><FLAG6/><FLAG7/><EXTEND_ID>00000</EXTEND_ID><EXTEND_TYPE/><ODATA_PATH/></_-NEPTUNE_-_OBJ><_-NEPTUNE_-_OBJ><APPLID>ZUI_NAD_PROGRESS_DEMO</APPLID><FIELD_ID>00022</FIELD_ID><VERSION>0001</VERSION><FIELD_NAME>utilityFunctions</FIELD_NAME><FIELD_TYPE>SCRIPT</FIELD_TYPE><FIELD_LABEL/><FIELD_POS>00008</FIELD_POS><FIELD_PARENT>00020</FIELD_PARENT><DISABLED/><IS_CONTAINER/><ON_ENTER/><COMBO_TABLE/><COMBO_FIELD/><COMBO_LABEL/><COMBO_TECH/><EVENT_ID/><DESCR/><SH/><SH_KEY/><MEMORYID/><SEL_MULTIPLE/><CHART_FIELD_X/><CHART_FIELD_Y/><CHART_FIELD_DATA/><CHART_COUNT/><DEFAULT_VALUE/><DEFAULT_DATE>0000-00-00</DEFAULT_DATE><CALCULATE_DATE>0</CALCULATE_DATE><DATE_TODAY/><NAV_APPLID/><IS_VIEW/><FLAG1/><FLAG2/><CHART_FIELD_4/><CHART_FIELD_5/><FLAG3/><FLAG4/><FLAG5/><FLAG6/><FLAG7/><EXTEND_ID>00000</EXTEND_ID><EXTEND_TYPE/><ODATA_PATH/></_-NEPTUNE_-_OBJ><_-NEPTUNE_-_OBJ><APPLID>ZUI_NAD_PROGRESS_DEMO</APPLID><FIELD_ID>00023</FIELD_ID><VERSION>0001</VERSION><FIELD_NAME>progressMessage</FIELD_NAME><FIELD_TYPE>SCRIPT</FIELD_TYPE><FIELD_LABEL/><FIELD_POS>00009</FIELD_POS><FIELD_PARENT>00020</FIELD_PARENT><DISABLED/><IS_CONTAINER/><ON_ENTER/><COMBO_TABLE/><COMBO_FIELD/><COMBO_LABEL/><COMBO_TECH/><EVENT_ID/><DESCR/><SH/><SH_KEY/><MEMORYID/><SEL_MULTIPLE/><CHART_FIELD_X/><CHART_FIELD_Y/><CHART_FIELD_DATA/><CHART_COUNT/><DEFAULT_VALUE/><DEFAULT_DATE>0000-00-00</DEFAULT_DATE><CALCULATE_DATE>0</CALCULATE_DATE><DATE_TODAY/><NAV_APPLID/><IS_VIEW/><FLAG1/><FLAG2/><CHART_FIELD_4/><CHART_FIELD_5/><FLAG3/><FLAG4/><FLAG5/><FLAG6/><FLAG7/><EXTEND_ID>00000</EXTEND_ID><EXTEND_TYPE/><ODATA_PATH/></_-NEPTUNE_-_OBJ><_-NEPTUNE_-_OBJ><APPLID>ZUI_NAD_PROGRESS_DEMO</APPLID><FIELD_ID>00024</FIELD_ID><VERSION>0001</VERSION><FIELD_NAME>progressTable</FIELD_NAME><FIELD_TYPE>SCRIPT</FIELD_TYPE><FIELD_LABEL/><FIELD_POS>00010</FIELD_POS><FIELD_PARENT>00020</FIELD_PARENT><DISABLED/><IS_CONTAINER/><ON_ENTER/><COMBO_TABLE/><COMBO_FIELD/><COMBO_LABEL/><COMBO_TECH/><EVENT_ID/><DESCR/><SH/><SH_KEY/><MEMORYID/><SEL_MULTIPLE/><CHART_FIELD_X/><CHART_FIELD_Y/><CHART_FIELD_DATA/><CHART_COUNT/><DEFAULT_VALUE/><DEFAULT_DATE>0000-00-00</DEFAULT_DATE><CALCULATE_DATE>0</CALCULATE_DATE><DATE_TODAY/><NAV_APPLID/><IS_VIEW/><FLAG1/><FLAG2/><CHART_FIELD_4/><CHART_FIELD_5/><FLAG3/><FLAG4/><FLAG5/><FLAG6/><FLAG7/><EXTEND_ID>00000</EXTEND_ID><EXTEND_TYPE/><ODATA_PATH/></_-NEPTUNE_-_OBJ><_-NEPTUNE_-_OBJ><APPLID>ZUI_NAD_PROGRESS_DEMO</APPLID><FIELD_ID>00021</FIELD_ID><VERSION>0001</VERSION><FIELD_NAME>AJAX</FIELD_NAME><FIELD_TYPE>UM5_PANEL</FIELD_TYPE><FIELD_LABEL/><FIELD_POS>00011</FIELD_POS><FIELD_PARENT>00018</FIELD_PARENT><DISABLED/><IS_CONTAINER>X</IS_CONTAINER><ON_ENTER/><COMBO_TABLE/><COMBO_FIELD/><COMBO_LABEL/><COMBO_TECH/><EVENT_ID/><DESCR/><SH/><SH_KEY/><MEMORYID/><SEL_MULTIPLE/><CHART_FIELD_X/><CHART_FIELD_Y/><CHART_FIELD_DATA/><CHART_COUNT/><DEFAULT_VALUE/><DEFAULT_DATE>0000-00-00</DEFAULT_DATE><CALCULATE_DATE>0</CALCULATE_DATE><DATE_TODAY/><NAV_APPLID/><IS_VIEW/><FLAG1/><FLAG2/><CHART_FIELD_4/><CHART_FIELD_5/><FLAG3/><FLAG4/><FLAG5/><FLAG6/><FLAG7/><EXTEND_ID>00000</EXTEND_ID><EXTEND_TYPE/><ODATA_PATH/></_-NEPTUNE_-_OBJ><_-NEPTUNE_-_OBJ><APPLID>ZUI_NAD_PROGRESS_DEMO</APPLID><FIELD_ID>00025</FIELD_ID><VERSION>0001</VERSION><FIELD_NAME>progressDemo01</FIELD_NAME><FIELD_TYPE>UM5_AJAX</FIELD_TYPE><FIELD_LABEL/><FIELD_POS>00012</FIELD_POS><FIELD_PARENT>00021</FIELD_PARENT><DISABLED/><IS_CONTAINER/><ON_ENTER/><COMBO_TABLE/><COMBO_FIELD/><COMBO_LABEL/><COMBO_TECH/><EVENT_ID>DEMO01</EVENT_ID><DESCR/><SH/><SH_KEY/><MEMORYID/><SEL_MULTIPLE/><CHART_FIELD_X/><CHART_FIELD_Y/><CHART_FIELD_DATA/><CHART_COUNT/><DEFAULT_VALUE/><DEFAULT_DATE>0000-00-00</DEFAULT_DATE><CALCULATE_DATE>0</CALCULATE_DATE><DATE_TODAY/><NAV_APPLID/><IS_VIEW/><FLAG1/><FLAG2/><CHART_FIELD_4/><CHART_FIELD_5/><FLAG3/><FLAG4/><FLAG5/><FLAG6/><FLAG7/><EXTEND_ID>00000</EXTEND_ID><EXTEND_TYPE/><ODATA_PATH/></_-NEPTUNE_-_OBJ><_-NEPTUNE_-_OBJ><APPLID>ZUI_NAD_PROGRESS_DEMO</APPLID><FIELD_ID>00026</FIELD_ID><VERSION>0001</VERSION><FIELD_NAME>progressDemo02</FIELD_NAME><FIELD_TYPE>UM5_AJAX</FIELD_TYPE><FIELD_LABEL/><FIELD_POS>00013</FIELD_POS><FIELD_PARENT>00021</FIELD_PARENT><DISABLED/><IS_CONTAINER/><ON_ENTER/><COMBO_TABLE/><COMBO_FIELD/><COMBO_LABEL/><COMBO_TECH/><EVENT_ID>DEMO02</EVENT_ID><DESCR/><SH/><SH_KEY/><MEMORYID/><SEL_MULTIPLE/><CHART_FIELD_X/><CHART_FIELD_Y/><CHART_FIELD_DATA/><CHART_COUNT/><DEFAULT_VALUE/><DEFAULT_DATE>0000-00-00</DEFAULT_DATE><CALCULATE_DATE>0</CALCULATE_DATE><DATE_TODAY/><NAV_APPLID/><IS_VIEW/><FLAG1/><FLAG2/><CHART_FIELD_4/><CHART_FIELD_5/><FLAG3/><FLAG4/><FLAG5/><FLAG6/><FLAG7/><EXTEND_ID>00000</EXTEND_ID><EXTEND_TYPE/><ODATA_PATH/></_-NEPTUNE_-_OBJ><_-NEPTUNE_-_OBJ><APPLID>ZUI_NAD_PROGRESS_DEMO</APPLID><FIELD_ID>00008</FIELD_ID><VERSION>0001</VERSION><FIELD_NAME>oBusyDialogMessage</FIELD_NAME><FIELD_TYPE>UM5_BUSYD</FIELD_TYPE><FIELD_LABEL/><FIELD_POS>00014</FIELD_POS><FIELD_PARENT>00007</FIELD_PARENT><DISABLED/><IS_CONTAINER/><ON_ENTER/><COMBO_TABLE/><COMBO_FIELD/><COMBO_LABEL/><COMBO_TECH/><EVENT_ID/><DESCR/><SH/><SH_KEY/><MEMORYID/><SEL_MULTIPLE/><CHART_FIELD_X/><CHART_FIELD_Y/><CHART_FIELD_DATA/><CHART_COUNT/><DEFAULT_VALUE/><DEFAULT_DATE>0000-00-00</DEFAULT_DATE><CALCULATE_DATE>0</CALCULATE_DATE><DATE_TODAY/><NAV_APPLID/><IS_VIEW/><FLAG1/><FLAG2/><CHART_FIELD_4/><CHART_FIELD_5/><FLAG3/><FLAG4/><FLAG5/><FLAG6/><FLAG7/><EXTEND_ID>00000</EXTEND_ID><EXTEND_TYPE/><ODATA_PATH/></_-NEPTUNE_-_OBJ><_-NEPTUNE_-_OBJ><APPLID>ZUI_NAD_PROGRESS_DEMO</APPLID><FIELD_ID>00009</FIELD_ID><VERSION>0001</VERSION><FIELD_NAME>oButtonClose</FIELD_NAME><FIELD_TYPE>UM5_BUTTON</FIELD_TYPE><FIELD_LABEL/><FIELD_POS>00015</FIELD_POS><FIELD_PARENT>00007</FIELD_PARENT><DISABLED/><IS_CONTAINER/><ON_ENTER/><COMBO_TABLE/><COMBO_FIELD/><COMBO_LABEL/><COMBO_TECH/><EVENT_ID/><DESCR/><SH/><SH_KEY/><MEMORYID/><SEL_MULTIPLE/><CHART_FIELD_X/><CHART_FIELD_Y/><CHART_FIELD_DATA/><CHART_COUNT/><DEFAULT_VALUE/><DEFAULT_DATE>0000-00-00</DEFAULT_DATE><CALCULATE_DATE>0</CALCULATE_DATE><DATE_TODAY/><NAV_APPLID/><IS_VIEW/><FLAG1/><FLAG2/><CHART_FIELD_4/><CHART_FIELD_5/><FLAG3/><FLAG4/><FLAG5/><FLAG6/><FLAG7/><EXTEND_ID>00000</EXTEND_ID><EXTEND_TYPE/><ODATA_PATH/></_-NEPTUNE_-_OBJ><_-NEPTUNE_-_OBJ><APPLID>ZUI_NAD_PROGRESS_DEMO</APPLID><FIELD_ID>00010</FIELD_ID><VERSION>0001</VERSION><FIELD_NAME>oDialogTable</FIELD_NAME><FIELD_TYPE>UM5_DIALOG</FIELD_TYPE><FIELD_LABEL/><FIELD_POS>00016</FIELD_POS><FIELD_PARENT>00007</FIELD_PARENT><DISABLED/><IS_CONTAINER>X</IS_CONTAINER><ON_ENTER/><COMBO_TABLE/><COMBO_FIELD/><COMBO_LABEL/><COMBO_TECH/><EVENT_ID/><DESCR/><SH/><SH_KEY/><MEMORYID/><SEL_MULTIPLE/><CHART_FIELD_X/><CHART_FIELD_Y/><CHART_FIELD_DATA/><CHART_COUNT/><DEFAULT_VALUE/><DEFAULT_DATE>0000-00-00</DEFAULT_DATE><CALCULATE_DATE>0</CALCULATE_DATE><DATE_TODAY/><NAV_APPLID/><IS_VIEW/><FLAG1/><FLAG2/><CHART_FIELD_4/><CHART_FIELD_5/><FLAG3/><FLAG4/><FLAG5/><FLAG6/><FLAG7/><EXTEND_ID>00000</EXTEND_ID><EXTEND_TYPE/><ODATA_PATH/></_-NEPTUNE_-_OBJ><_-NEPTUNE_-_OBJ><APPLID>ZUI_NAD_PROGRESS_DEMO</APPLID><FIELD_ID>00011</FIELD_ID><VERSION>0001</VERSION><FIELD_NAME>oTableProgress</FIELD_NAME><FIELD_TYPE>UM5_TABLE</FIELD_TYPE><FIELD_LABEL/><FIELD_POS>00017</FIELD_POS><FIELD_PARENT>00010</FIELD_PARENT><DISABLED/><IS_CONTAINER>X</IS_CONTAINER><ON_ENTER/><COMBO_TABLE/><COMBO_FIELD/><COMBO_LABEL/><COMBO_TECH/><EVENT_ID/><DESCR/><SH/><SH_KEY/><MEMORYID/><SEL_MULTIPLE/><CHART_FIELD_X/><CHART_FIELD_Y/><CHART_FIELD_DATA/><CHART_COUNT/><DEFAULT_VALUE/><DEFAULT_DATE>0000-00-00</DEFAULT_DATE><CALCULATE_DATE>0</CALCULATE_DATE><DATE_TODAY/><NAV_APPLID/><IS_VIEW/><FLAG1/><FLAG2/><CHART_FIELD_4/><CHART_FIELD_5/><FLAG3/><FLAG4/><FLAG5/><FLAG6/><FLAG7/><EXTEND_ID>00000</EXTEND_ID><EXTEND_TYPE/><ODATA_PATH/></_-NEPTUNE_-_OBJ><_-NEPTUNE_-_OBJ><APPLID>ZUI_NAD_PROGRESS_DEMO</APPLID><FIELD_ID>00013</FIELD_ID><VERSION>0001</VERSION><FIELD_NAME>coloTableProgressICON</FIELD_NAME><FIELD_TYPE>UM5_COLUMN</FIELD_TYPE><FIELD_LABEL/><FIELD_POS>00018</FIELD_POS><FIELD_PARENT>00011</FIELD_PARENT><DISABLED/><IS_CONTAINER/><ON_ENTER/><COMBO_TABLE/><COMBO_FIELD/><COMBO_LABEL/><COMBO_TECH/><EVENT_ID/><DESCR/><SH/><SH_KEY/><MEMORYID/><SEL_MULTIPLE/><CHART_FIELD_X/><CHART_FIELD_Y/><CHART_FIELD_DATA/><CHART_COUNT/><DEFAULT_VALUE/><DEFAULT_DATE>0000-00-00</DEFAULT_DATE><CALCULATE_DATE>0</CALCULATE_DATE><DATE_TODAY/><NAV_APPLID/><IS_VIEW/><FLAG1/><FLAG2/><CHART_FIELD_4/><CHART_FIELD_5/><FLAG3/><FLAG4/><FLAG5/><FLAG6/><FLAG7/><EXTEND_ID>00000</EXTEND_ID><EXTEND_TYPE/><ODATA_PATH/></_-NEPTUNE_-_OBJ><_-NEPTUNE_-_OBJ><APPLID>ZUI_NAD_PROGRESS_DEMO</APPLID><FIELD_ID>00012</FIELD_ID><VERSION>0001</VERSION><FIELD_NAME>coloTableProgressMESSAGE</FIELD_NAME><FIELD_TYPE>UM5_COLUMN</FIELD_TYPE><FIELD_LABEL/><FIELD_POS>00019</FIELD_POS><FIELD_PARENT>00011</FIELD_PARENT><DISABLED/><IS_CONTAINER/><ON_ENTER/><COMBO_TABLE/><COMBO_FIELD/><COMBO_LABEL/><COMBO_TECH/><EVENT_ID/><DESCR/><SH/><SH_KEY/><MEMORYID/><SEL_MULTIPLE/><CHART_FIELD_X/><CHART_FIELD_Y/><CHART_FIELD_DATA/><CHART_COUNT/><DEFAULT_VALUE/><DEFAULT_DATE>0000-00-00</DEFAULT_DATE><CALCULATE_DATE>0</CALCULATE_DATE><DATE_TODAY/><NAV_APPLID/><IS_VIEW/><FLAG1/><FLAG2/><CHART_FIELD_4/><CHART_FIELD_5/><FLAG3/><FLAG4/><FLAG5/><FLAG6/><FLAG7/><EXTEND_ID>00000</EXTEND_ID><EXTEND_TYPE/><ODATA_PATH/></_-NEPTUNE_-_OBJ><_-NEPTUNE_-_OBJ><APPLID>ZUI_NAD_PROGRESS_DEMO</APPLID><FIELD_ID>00014</FIELD_ID><VERSION>0001</VERSION><FIELD_NAME>colItemoTableProgress</FIELD_NAME><FIELD_TYPE>UM5_COLITM</FIELD_TYPE><FIELD_LABEL/><FIELD_POS>00020</FIELD_POS><FIELD_PARENT>00011</FIELD_PARENT><DISABLED/><IS_CONTAINER>X</IS_CONTAINER><ON_ENTER/><COMBO_TABLE/><COMBO_FIELD/><COMBO_LABEL/><COMBO_TECH/><EVENT_ID/><DESCR/><SH/><SH_KEY/><MEMORYID/><SEL_MULTIPLE/><CHART_FIELD_X/><CHART_FIELD_Y/><CHART_FIELD_DATA/><CHART_COUNT/><DEFAULT_VALUE/><DEFAULT_DATE>0000-00-00</DEFAULT_DATE><CALCULATE_DATE>0</CALCULATE_DATE><DATE_TODAY/><NAV_APPLID/><IS_VIEW/><FLAG1/><FLAG2/><CHART_FIELD_4/><CHART_FIELD_5/><FLAG3/><FLAG4/><FLAG5/><FLAG6/><FLAG7/><EXTEND_ID>00000</EXTEND_ID><EXTEND_TYPE/><ODATA_PATH/></_-NEPTUNE_-_OBJ><_-NEPTUNE_-_OBJ><APPLID>ZUI_NAD_PROGRESS_DEMO</APPLID><FIELD_ID>00017</FIELD_ID><VERSION>0001</VERSION><FIELD_NAME>iconoTableProgressICON</FIELD_NAME><FIELD_TYPE>UM5_ICON</FIELD_TYPE><FIELD_LABEL/><FIELD_POS>00021</FIELD_POS><FIELD_PARENT>00014</FIELD_PARENT><DISABLED/><IS_CONTAINER/><ON_ENTER/><COMBO_TABLE/><COMBO_FIELD/><COMBO_LABEL/><COMBO_TECH/><EVENT_ID/><DESCR/><SH/><SH_KEY/><MEMORYID/><SEL_MULTIPLE/><CHART_FIELD_X/><CHART_FIELD_Y/><CHART_FIELD_DATA/><CHART_COUNT/><DEFAULT_VALUE/><DEFAULT_DATE>0000-00-00</DEFAULT_DATE><CALCULATE_DATE>0</CALCULATE_DATE><DATE_TODAY/><NAV_APPLID/><IS_VIEW/><FLAG1/><FLAG2/><CHART_FIELD_4/><CHART_FIELD_5/><FLAG3/><FLAG4/><FLAG5/><FLAG6/><FLAG7/><EXTEND_ID>00000</EXTEND_ID><EXTEND_TYPE/><ODATA_PATH/></_-NEPTUNE_-_OBJ><_-NEPTUNE_-_OBJ><APPLID>ZUI_NAD_PROGRESS_DEMO</APPLID><FIELD_ID>00015</FIELD_ID><VERSION>0001</VERSION><FIELD_NAME>txtoTableProgressMESSAGE</FIELD_NAME><FIELD_TYPE>UM5_TEXT</FIELD_TYPE><FIELD_LABEL/><FIELD_POS>00022</FIELD_POS><FIELD_PARENT>00014</FIELD_PARENT><DISABLED/><IS_CONTAINER/><ON_ENTER/><COMBO_TABLE/><COMBO_FIELD/><COMBO_LABEL/><COMBO_TECH/><EVENT_ID/><DESCR/><SH/><SH_KEY/><MEMORYID/><SEL_MULTIPLE/><CHART_FIELD_X/><CHART_FIELD_Y/><CHART_FIELD_DATA/><CHART_COUNT/><DEFAULT_VALUE/><DEFAULT_DATE>0000-00-00</DEFAULT_DATE><CALCULATE_DATE>0</CALCULATE_DATE><DATE_TODAY/><NAV_APPLID/><IS_VIEW/><FLAG1/><FLAG2/><CHART_FIELD_4/><CHART_FIELD_5/><FLAG3/><FLAG4/><FLAG5/><FLAG6/><FLAG7/><EXTEND_ID>00000</EXTEND_ID><EXTEND_TYPE/><ODATA_PATH/></_-NEPTUNE_-_OBJ><_-NEPTUNE_-_OBJ><APPLID>ZUI_NAD_PROGRESS_DEMO</APPLID><FIELD_ID>00005</FIELD_ID><VERSION>0001</VERSION><FIELD_NAME>oButtonMessage</FIELD_NAME><FIELD_TYPE>UM5_BUTTON</FIELD_TYPE><FIELD_LABEL/><FIELD_POS>00023</FIELD_POS><FIELD_PARENT>00004</FIELD_PARENT><DISABLED/><IS_CONTAINER/><ON_ENTER/><COMBO_TABLE/><COMBO_FIELD/><COMBO_LABEL/><COMBO_TECH/><EVENT_ID/><DESCR/><SH/><SH_KEY/><MEMORYID/><SEL_MULTIPLE/><CHART_FIELD_X/><CHART_FIELD_Y/><CHART_FIELD_DATA/><CHART_COUNT/><DEFAULT_VALUE/><DEFAULT_DATE>0000-00-00</DEFAULT_DATE><CALCULATE_DATE>0</CALCULATE_DATE><DATE_TODAY/><NAV_APPLID/><IS_VIEW/><FLAG1/><FLAG2/><CHART_FIELD_4/><CHART_FIELD_5/><FLAG3/><FLAG4/><FLAG5/><FLAG6/><FLAG7/><EXTEND_ID>00000</EXTEND_ID><EXTEND_TYPE/><ODATA_PATH/></_-NEPTUNE_-_OBJ><_-NEPTUNE_-_OBJ><APPLID>ZUI_NAD_PROGRESS_DEMO</APPLID><FIELD_ID>00006</FIELD_ID><VERSION>0001</VERSION><FIELD_NAME>oButtonTable</FIELD_NAME><FIELD_TYPE>UM5_BUTTON</FIELD_TYPE><FIELD_LABEL/><FIELD_POS>00024</FIELD_POS><FIELD_PARENT>00004</FIELD_PARENT><DISABLED/><IS_CONTAINER/><ON_ENTER/><COMBO_TABLE/><COMBO_FIELD/><COMBO_LABEL/><COMBO_TECH/><EVENT_ID/><DESCR/><SH/><SH_KEY/><MEMORYID/><SEL_MULTIPLE/><CHART_FIELD_X/><CHART_FIELD_Y/><CHART_FIELD_DATA/><CHART_COUNT/><DEFAULT_VALUE/><DEFAULT_DATE>0000-00-00</DEFAULT_DATE><CALCULATE_DATE>0</CALCULATE_DATE><DATE_TODAY/><NAV_APPLID/><IS_VIEW/><FLAG1/><FLAG2/><CHART_FIELD_4/><CHART_FIELD_5/><FLAG3/><FLAG4/><FLAG5/><FLAG6/><FLAG7/><EXTEND_ID>00000</EXTEND_ID><EXTEND_TYPE/><ODATA_PATH/></_-NEPTUNE_-_OBJ></IT_CONTENT><IT_ATTRIBUTES><_-NEPTUNE_-_OBJ_AT><APPLID>ZUI_NAD_PROGRESS_DEMO</APPLID><FIELD_ID>00002</FIELD_ID><VERSION>0001</VERSION><ATTRIBUTE>appWidthLimited</ATTRIBUTE><GROUPING>Properties</GROUPING><VALUE>true</VALUE></_-NEPTUNE_-_OBJ_AT><_-NEPTUNE_-_OBJ_AT><APPLID>ZUI_NAD_PROGRESS_DEMO</APPLID><FIELD_ID>00002</FIELD_ID><VERSION>0001</VERSION><ATTRIBUTE>backgroundOpacity</ATTRIBUTE><GROUPING>Properties</GROUPING><VALUE>1</VALUE></_-NEPTUNE_-_OBJ_AT><_-NEPTUNE_-_OBJ_AT><APPLID>ZUI_NAD_PROGRESS_DEMO</APPLID><FIELD_ID>00002</FIELD_ID><VERSION>0001</VERSION><ATTRIBUTE>backgroundRepeat</ATTRIBUTE><GROUPING>Properties</GROUPING><VALUE>false</VALUE></_-NEPTUNE_-_OBJ_AT><_-NEPTUNE_-_OBJ_AT><APPLID>ZUI_NAD_PROGRESS_DEMO</APPLID><FIELD_ID>00002</FIELD_ID><VERSION>0001</VERSION><ATTRIBUTE>showLogout</ATTRIBUTE><GROUPING>Properties</GROUPING><VALUE>true</VALUE></_-NEPTUNE_-_OBJ_AT><_-NEPTUNE_-_OBJ_AT><APPLID>ZUI_NAD_PROGRESS_DEMO</APPLID><FIELD_ID>00002</FIELD_ID><VERSION>0001</VERSION><ATTRIBUTE>visible</ATTRIBUTE><GROUPING>Properties</GROUPING><VALUE>true</VALUE></_-NEPTUNE_-_OBJ_AT><_-NEPTUNE_-_OBJ_AT><APPLID>ZUI_NAD_PROGRESS_DEMO</APPLID><FIELD_ID>00003</FIELD_ID><VERSION>0001</VERSION><ATTRIBUTE>backgroundOpacity</ATTRIBUTE><GROUPING>Properties</GROUPING><VALUE>1</VALUE></_-NEPTUNE_-_OBJ_AT><_-NEPTUNE_-_OBJ_AT><APPLID>ZUI_NAD_PROGRESS_DEMO</APPLID><FIELD_ID>00003</FIELD_ID><VERSION>0001</VERSION><ATTRIBUTE>backgroundRepeat</ATTRIBUTE><GROUPING>Properties</GROUPING><VALUE>false</VALUE></_-NEPTUNE_-_OBJ_AT><_-NEPTUNE_-_OBJ_AT><APPLID>ZUI_NAD_PROGRESS_DEMO</APPLID><FIELD_ID>00003</FIELD_ID><VERSION>0001</VERSION><ATTRIBUTE>defaultTransitionName</ATTRIBUTE><GROUPING>Properties</GROUPING><VALUE>slide</VALUE></_-NEPTUNE_-_OBJ_AT><_-NEPTUNE_-_OBJ_AT><APPLID>ZUI_NAD_PROGRESS_DEMO</APPLID><FIELD_ID>00003</FIELD_ID><VERSION>0001</VERSION><ATTRIBUTE>height</ATTRIBUTE><GROUPING>Properties</GROUPING><VALUE>100%</VALUE></_-NEPTUNE_-_OBJ_AT><_-NEPTUNE_-_OBJ_AT><APPLID>ZUI_NAD_PROGRESS_DEMO</APPLID><FIELD_ID>00003</FIELD_ID><VERSION>0001</VERSION><ATTRIBUTE>visible</ATTRIBUTE><GROUPING>Properties</GROUPING><VALUE>true</VALUE></_-NEPTUNE_-_OBJ_AT><_-NEPTUNE_-_OBJ_AT><APPLID>ZUI_NAD_PROGRESS_DEMO</APPLID><FIELD_ID>00003</FIELD_ID><VERSION>0001</VERSION><ATTRIBUTE>width</ATTRIBUTE><GROUPING>Properties</GROUPING><VALUE>100%</VALUE></_-NEPTUNE_-_OBJ_AT><_-NEPTUNE_-_OBJ_AT><APPLID>ZUI_NAD_PROGRESS_DEMO</APPLID><FIELD_ID>00004</FIELD_ID><VERSION>0001</VERSION><ATTRIBUTE>backgroundDesign</ATTRIBUTE><GROUPING>Properties</GROUPING><VALUE>Standard</VALUE></_-NEPTUNE_-_OBJ_AT><_-NEPTUNE_-_OBJ_AT><APPLID>ZUI_NAD_PROGRESS_DEMO</APPLID><FIELD_ID>00004</FIELD_ID><VERSION>0001</VERSION><ATTRIBUTE>contentOnlyBusy</ATTRIBUTE><GROUPING>Properties</GROUPING><VALUE>false</VALUE></_-NEPTUNE_-_OBJ_AT><_-NEPTUNE_-_OBJ_AT><APPLID>ZUI_NAD_PROGRESS_DEMO</APPLID><FIELD_ID>00004</FIELD_ID><VERSION>0001</VERSION><ATTRIBUTE>enableScrolling</ATTRIBUTE><GROUPING>Properties</GROUPING><VALUE>true</VALUE></_-NEPTUNE_-_OBJ_AT><_-NEPTUNE_-_OBJ_AT><APPLID>ZUI_NAD_PROGRESS_DEMO</APPLID><FIELD_ID>00004</FIELD_ID><VERSION>0001</VERSION><ATTRIBUTE>floatingFooter</ATTRIBUTE><GROUPING>Properties</GROUPING><VALUE>false</VALUE></_-NEPTUNE_-_OBJ_AT><_-NEPTUNE_-_OBJ_AT><APPLID>ZUI_NAD_PROGRESS_DEMO</APPLID><FIELD_ID>00004</FIELD_ID><VERSION>0001</VERSION><ATTRIBUTE>showFooter</ATTRIBUTE><GROUPING>Properties</GROUPING><VALUE>true</VALUE></_-NEPTUNE_-_OBJ_AT><_-NEPTUNE_-_OBJ_AT><APPLID>ZUI_NAD_PROGRESS_DEMO</APPLID><FIELD_ID>00004</FIELD_ID><VERSION>0001</VERSION><ATTRIBUTE>showHeader</ATTRIBUTE><GROUPING>Properties</GROUPING><VALUE>true</VALUE></_-NEPTUNE_-_OBJ_AT><_-NEPTUNE_-_OBJ_AT><APPLID>ZUI_NAD_PROGRESS_DEMO</APPLID><FIELD_ID>00004</FIELD_ID><VERSION>0001</VERSION><ATTRIBUTE>showNavButton</ATTRIBUTE><GROUPING>Properties</GROUPING><VALUE>false</VALUE></_-NEPTUNE_-_OBJ_AT><_-NEPTUNE_-_OBJ_AT><APPLID>ZUI_NAD_PROGRESS_DEMO</APPLID><FIELD_ID>00004</FIELD_ID><VERSION>0001</VERSION><ATTRIBUTE>showSubHeader</ATTRIBUTE><GROUPING>Properties</GROUPING><VALUE>true</VALUE></_-NEPTUNE_-_OBJ_AT><_-NEPTUNE_-_OBJ_AT><APPLID>ZUI_NAD_PROGRESS_DEMO</APPLID><FIELD_ID>00004</FIELD_ID><VERSION>0001</VERSION><ATTRIBUTE>title</ATTRIBUTE><GROUPING>Properties</GROUPING><VALUE>Neptune progress indicator demo</VALUE></_-NEPTUNE_-_OBJ_AT><_-NEPTUNE_-_OBJ_AT><APPLID>ZUI_NAD_PROGRESS_DEMO</APPLID><FIELD_ID>00004</FIELD_ID><VERSION>0001</VERSION><ATTRIBUTE>visible</ATTRIBUTE><GROUPING>Properties</GROUPING><VALUE>true</VALUE></_-NEPTUNE_-_OBJ_AT><_-NEPTUNE_-_OBJ_AT><APPLID>ZUI_NAD_PROGRESS_DEMO</APPLID><FIELD_ID>00005</FIELD_ID><VERSION>0001</VERSION><ATTRIBUTE>enabled</ATTRIBUTE><GROUPING>Properties</GROUPING><VALUE>true</VALUE></_-NEPTUNE_-_OBJ_AT><_-NEPTUNE_-_OBJ_AT><APPLID>ZUI_NAD_PROGRESS_DEMO</APPLID><FIELD_ID>00005</FIELD_ID><VERSION>0001</VERSION><ATTRIBUTE>iconDensityAware</ATTRIBUTE><GROUPING>Properties</GROUPING><VALUE>true</VALUE></_-NEPTUNE_-_OBJ_AT><_-NEPTUNE_-_OBJ_AT><APPLID>ZUI_NAD_PROGRESS_DEMO</APPLID><FIELD_ID>00005</FIELD_ID><VERSION>0001</VERSION><ATTRIBUTE>iconFirst</ATTRIBUTE><GROUPING>Properties</GROUPING><VALUE>true</VALUE></_-NEPTUNE_-_OBJ_AT><_-NEPTUNE_-_OBJ_AT><APPLID>ZUI_NAD_PROGRESS_DEMO</APPLID><FIELD_ID>00005</FIELD_ID><VERSION>0001</VERSION><ATTRIBUTE>press</ATTRIBUTE><GROUPING>Events</GROUPING><VALUE>Anonymous Function</VALUE></_-NEPTUNE_-_OBJ_AT><_-NEPTUNE_-_OBJ_AT><APPLID>ZUI_NAD_PROGRESS_DEMO</APPLID><FIELD_ID>00005</FIELD_ID><VERSION>0001</VERSION><ATTRIBUTE>text</ATTRIBUTE><GROUPING>Properties</GROUPING><VALUE>Message demo</VALUE></_-NEPTUNE_-_OBJ_AT><_-NEPTUNE_-_OBJ_AT><APPLID>ZUI_NAD_PROGRESS_DEMO</APPLID><FIELD_ID>00005</FIELD_ID><VERSION>0001</VERSION><ATTRIBUTE>textDirection</ATTRIBUTE><GROUPING>Properties</GROUPING><VALUE>Inherit</VALUE></_-NEPTUNE_-_OBJ_AT><_-NEPTUNE_-_OBJ_AT><APPLID>ZUI_NAD_PROGRESS_DEMO</APPLID><FIELD_ID>00005</FIELD_ID><VERSION>0001</VERSION><ATTRIBUTE>visible</ATTRIBUTE><GROUPING>Properties</GROUPING><VALUE>true</VALUE></_-NEPTUNE_-_OBJ_AT><_-NEPTUNE_-_OBJ_AT><APPLID>ZUI_NAD_PROGRESS_DEMO</APPLID><FIELD_ID>00006</FIELD_ID><VERSION>0001</VERSION><ATTRIBUTE>enabled</ATTRIBUTE><GROUPING>Properties</GROUPING><VALUE>true</VALUE></_-NEPTUNE_-_OBJ_AT><_-NEPTUNE_-_OBJ_AT><APPLID>ZUI_NAD_PROGRESS_DEMO</APPLID><FIELD_ID>00006</FIELD_ID><VERSION>0001</VERSION><ATTRIBUTE>iconDensityAware</ATTRIBUTE><GROUPING>Properties</GROUPING><VALUE>true</VALUE></_-NEPTUNE_-_OBJ_AT><_-NEPTUNE_-_OBJ_AT><APPLID>ZUI_NAD_PROGRESS_DEMO</APPLID><FIELD_ID>00006</FIELD_ID><VERSION>0001</VERSION><ATTRIBUTE>iconFirst</ATTRIBUTE><GROUPING>Properties</GROUPING><VALUE>true</VALUE></_-NEPTUNE_-_OBJ_AT><_-NEPTUNE_-_OBJ_AT><APPLID>ZUI_NAD_PROGRESS_DEMO</APPLID><FIELD_ID>00006</FIELD_ID><VERSION>0001</VERSION><ATTRIBUTE>press</ATTRIBUTE><GROUPING>Events</GROUPING><VALUE>Anonymous Function</VALUE></_-NEPTUNE_-_OBJ_AT><_-NEPTUNE_-_OBJ_AT><APPLID>ZUI_NAD_PROGRESS_DEMO</APPLID><FIELD_ID>00006</FIELD_ID><VERSION>0001</VERSION><ATTRIBUTE>text</ATTRIBUTE><GROUPING>Properties</GROUPING><VALUE>Table demo</VALUE></_-NEPTUNE_-_OBJ_AT><_-NEPTUNE_-_OBJ_AT><APPLID>ZUI_NAD_PROGRESS_DEMO</APPLID><FIELD_ID>00006</FIELD_ID><VERSION>0001</VERSION><ATTRIBUTE>textDirection</ATTRIBUTE><GROUPING>Properties</GROUPING><VALUE>Inherit</VALUE></_-NEPTUNE_-_OBJ_AT><_-NEPTUNE_-_OBJ_AT><APPLID>ZUI_NAD_PROGRESS_DEMO</APPLID><FIELD_ID>00006</FIELD_ID><VERSION>0001</VERSION><ATTRIBUTE>visible</ATTRIBUTE><GROUPING>Properties</GROUPING><VALUE>true</VALUE></_-NEPTUNE_-_OBJ_AT><_-NEPTUNE_-_OBJ_AT><APPLID>ZUI_NAD_PROGRESS_DEMO</APPLID><FIELD_ID>00007</FIELD_ID><VERSION>0001</VERSION><ATTRIBUTE>backgroundDesign</ATTRIBUTE><GROUPING>Properties</GROUPING><VALUE>Standard</VALUE></_-NEPTUNE_-_OBJ_AT><_-NEPTUNE_-_OBJ_AT><APPLID>ZUI_NAD_PROGRESS_DEMO</APPLID><FIELD_ID>00007</FIELD_ID><VERSION>0001</VERSION><ATTRIBUTE>contentOnlyBusy</ATTRIBUTE><GROUPING>Properties</GROUPING><VALUE>false</VALUE></_-NEPTUNE_-_OBJ_AT><_-NEPTUNE_-_OBJ_AT><APPLID>ZUI_NAD_PROGRESS_DEMO</APPLID><FIELD_ID>00007</FIELD_ID><VERSION>0001</VERSION><ATTRIBUTE>enableScrolling</ATTRIBUTE><GROUPING>Properties</GROUPING><VALUE>true</VALUE></_-NEPTUNE_-_OBJ_AT><_-NEPTUNE_-_OBJ_AT><APPLID>ZUI_NAD_PROGRESS_DEMO</APPLID><FIELD_ID>00007</FIELD_ID><VERSION>0001</VERSION><ATTRIBUTE>floatingFooter</ATTRIBUTE><GROUPING>Properties</GROUPING><VALUE>false</VALUE></_-NEPTUNE_-_OBJ_AT><_-NEPTUNE_-_OBJ_AT><APPLID>ZUI_NAD_PROGRESS_DEMO</APPLID><FIELD_ID>00007</FIELD_ID><VERSION>0001</VERSION><ATTRIBUTE>showFooter</ATTRIBUTE><GROUPING>Properties</GROUPING><VALUE>true</VALUE></_-NEPTUNE_-_OBJ_AT><_-NEPTUNE_-_OBJ_AT><APPLID>ZUI_NAD_PROGRESS_DEMO</APPLID><FIELD_ID>00007</FIELD_ID><VERSION>0001</VERSION><ATTRIBUTE>showHeader</ATTRIBUTE><GROUPING>Properties</GROUPING><VALUE>true</VALUE></_-NEPTUNE_-_OBJ_AT><_-NEPTUNE_-_OBJ_AT><APPLID>ZUI_NAD_PROGRESS_DEMO</APPLID><FIELD_ID>00007</FIELD_ID><VERSION>0001</VERSION><ATTRIBUTE>showNavButton</ATTRIBUTE><GROUPING>Properties</GROUPING><VALUE>false</VALUE></_-NEPTUNE_-_OBJ_AT><_-NEPTUNE_-_OBJ_AT><APPLID>ZUI_NAD_PROGRESS_DEMO</APPLID><FIELD_ID>00007</FIELD_ID><VERSION>0001</VERSION><ATTRIBUTE>showSubHeader</ATTRIBUTE><GROUPING>Properties</GROUPING><VALUE>true</VALUE></_-NEPTUNE_-_OBJ_AT><_-NEPTUNE_-_OBJ_AT><APPLID>ZUI_NAD_PROGRESS_DEMO</APPLID><FIELD_ID>00007</FIELD_ID><VERSION>0001</VERSION><ATTRIBUTE>visible</ATTRIBUTE><GROUPING>Properties</GROUPING><VALUE>true</VALUE></_-NEPTUNE_-_OBJ_AT><_-NEPTUNE_-_OBJ_AT><APPLID>ZUI_NAD_PROGRESS_DEMO</APPLID><FIELD_ID>00008</FIELD_ID><VERSION>0001</VERSION><ATTRIBUTE>customIconDensityAware</ATTRIBUTE><GROUPING>Properties</GROUPING><VALUE>true</VALUE></_-NEPTUNE_-_OBJ_AT><_-NEPTUNE_-_OBJ_AT><APPLID>ZUI_NAD_PROGRESS_DEMO</APPLID><FIELD_ID>00008</FIELD_ID><VERSION>0001</VERSION><ATTRIBUTE>customIconRotationSpeed</ATTRIBUTE><GROUPING>Properties</GROUPING><VALUE>1000</VALUE></_-NEPTUNE_-_OBJ_AT><_-NEPTUNE_-_OBJ_AT><APPLID>ZUI_NAD_PROGRESS_DEMO</APPLID><FIELD_ID>00008</FIELD_ID><VERSION>0001</VERSION><ATTRIBUTE>showCancelButton</ATTRIBUTE><GROUPING>Properties</GROUPING><VALUE>false</VALUE></_-NEPTUNE_-_OBJ_AT><_-NEPTUNE_-_OBJ_AT><APPLID>ZUI_NAD_PROGRESS_DEMO</APPLID><FIELD_ID>00008</FIELD_ID><VERSION>0001</VERSION><ATTRIBUTE>visible</ATTRIBUTE><GROUPING>Properties</GROUPING><VALUE>true</VALUE></_-NEPTUNE_-_OBJ_AT><_-NEPTUNE_-_OBJ_AT><APPLID>ZUI_NAD_PROGRESS_DEMO</APPLID><FIELD_ID>00009</FIELD_ID><VERSION>0001</VERSION><ATTRIBUTE>enabled</ATTRIBUTE><GROUPING>Properties</GROUPING><VALUE>true</VALUE></_-NEPTUNE_-_OBJ_AT><_-NEPTUNE_-_OBJ_AT><APPLID>ZUI_NAD_PROGRESS_DEMO</APPLID><FIELD_ID>00009</FIELD_ID><VERSION>0001</VERSION><ATTRIBUTE>iconDensityAware</ATTRIBUTE><GROUPING>Properties</GROUPING><VALUE>true</VALUE></_-NEPTUNE_-_OBJ_AT><_-NEPTUNE_-_OBJ_AT><APPLID>ZUI_NAD_PROGRESS_DEMO</APPLID><FIELD_ID>00009</FIELD_ID><VERSION>0001</VERSION><ATTRIBUTE>iconFirst</ATTRIBUTE><GROUPING>Properties</GROUPING><VALUE>true</VALUE></_-NEPTUNE_-_OBJ_AT><_-NEPTUNE_-_OBJ_AT><APPLID>ZUI_NAD_PROGRESS_DEMO</APPLID><FIELD_ID>00009</FIELD_ID><VERSION>0001</VERSION><ATTRIBUTE>press</ATTRIBUTE><GROUPING>Events</GROUPING><VALUE>Anonymous Function</VALUE></_-NEPTUNE_-_OBJ_AT><_-NEPTUNE_-_OBJ_AT><APPLID>ZUI_NAD_PROGRESS_DEMO</APPLID><FIELD_ID>00009</FIELD_ID><VERSION>0001</VERSION><ATTRIBUTE>text</ATTRIBUTE><GROUPING>Properties</GROUPING><VALUE>Close</VALUE></_-NEPTUNE_-_OBJ_AT><_-NEPTUNE_-_OBJ_AT><APPLID>ZUI_NAD_PROGRESS_DEMO</APPLID><FIELD_ID>00009</FIELD_ID><VERSION>0001</VERSION><ATTRIBUTE>textDirection</ATTRIBUTE><GROUPING>Properties</GROUPING><VALUE>Inherit</VALUE></_-NEPTUNE_-_OBJ_AT><_-NEPTUNE_-_OBJ_AT><APPLID>ZUI_NAD_PROGRESS_DEMO</APPLID><FIELD_ID>00009</FIELD_ID><VERSION>0001</VERSION><ATTRIBUTE>visible</ATTRIBUTE><GROUPING>Properties</GROUPING><VALUE>true</VALUE></_-NEPTUNE_-_OBJ_AT><_-NEPTUNE_-_OBJ_AT><APPLID>ZUI_NAD_PROGRESS_DEMO</APPLID><FIELD_ID>00010</FIELD_ID><VERSION>0001</VERSION><ATTRIBUTE>contentHeight</ATTRIBUTE><GROUPING>Properties</GROUPING><VALUE>360px</VALUE></_-NEPTUNE_-_OBJ_AT><_-NEPTUNE_-_OBJ_AT><APPLID>ZUI_NAD_PROGRESS_DEMO</APPLID><FIELD_ID>00010</FIELD_ID><VERSION>0001</VERSION><ATTRIBUTE>contentWidth</ATTRIBUTE><GROUPING>Properties</GROUPING><VALUE>260px</VALUE></_-NEPTUNE_-_OBJ_AT><_-NEPTUNE_-_OBJ_AT><APPLID>ZUI_NAD_PROGRESS_DEMO</APPLID><FIELD_ID>00010</FIELD_ID><VERSION>0001</VERSION><ATTRIBUTE>draggable</ATTRIBUTE><GROUPING>Properties</GROUPING><VALUE>false</VALUE></_-NEPTUNE_-_OBJ_AT><_-NEPTUNE_-_OBJ_AT><APPLID>ZUI_NAD_PROGRESS_DEMO</APPLID><FIELD_ID>00010</FIELD_ID><VERSION>0001</VERSION><ATTRIBUTE>endButton</ATTRIBUTE><GROUPING>Associations</GROUPING><VALUE>oButtonClose</VALUE></_-NEPTUNE_-_OBJ_AT><_-NEPTUNE_-_OBJ_AT><APPLID>ZUI_NAD_PROGRESS_DEMO</APPLID><FIELD_ID>00010</FIELD_ID><VERSION>0001</VERSION><ATTRIBUTE>horizontalScrolling</ATTRIBUTE><GROUPING>Properties</GROUPING><VALUE>true</VALUE></_-NEPTUNE_-_OBJ_AT><_-NEPTUNE_-_OBJ_AT><APPLID>ZUI_NAD_PROGRESS_DEMO</APPLID><FIELD_ID>00010</FIELD_ID><VERSION>0001</VERSION><ATTRIBUTE>resizable</ATTRIBUTE><GROUPING>Properties</GROUPING><VALUE>false</VALUE></_-NEPTUNE_-_OBJ_AT><_-NEPTUNE_-_OBJ_AT><APPLID>ZUI_NAD_PROGRESS_DEMO</APPLID><FIELD_ID>00010</FIELD_ID><VERSION>0001</VERSION><ATTRIBUTE>showHeader</ATTRIBUTE><GROUPING>Properties</GROUPING><VALUE>true</VALUE></_-NEPTUNE_-_OBJ_AT><_-NEPTUNE_-_OBJ_AT><APPLID>ZUI_NAD_PROGRESS_DEMO</APPLID><FIELD_ID>00010</FIELD_ID><VERSION>0001</VERSION><ATTRIBUTE>state</ATTRIBUTE><GROUPING>Properties</GROUPING><VALUE>None</VALUE></_-NEPTUNE_-_OBJ_AT><_-NEPTUNE_-_OBJ_AT><APPLID>ZUI_NAD_PROGRESS_DEMO</APPLID><FIELD_ID>00010</FIELD_ID><VERSION>0001</VERSION><ATTRIBUTE>stretch</ATTRIBUTE><GROUPING>Properties</GROUPING><VALUE>false</VALUE></_-NEPTUNE_-_OBJ_AT><_-NEPTUNE_-_OBJ_AT><APPLID>ZUI_NAD_PROGRESS_DEMO</APPLID><FIELD_ID>00010</FIELD_ID><VERSION>0001</VERSION><ATTRIBUTE>stretchOnPhone</ATTRIBUTE><GROUPING>Properties</GROUPING><VALUE>false</VALUE></_-NEPTUNE_-_OBJ_AT><_-NEPTUNE_-_OBJ_AT><APPLID>ZUI_NAD_PROGRESS_DEMO</APPLID><FIELD_ID>00010</FIELD_ID><VERSION>0001</VERSION><ATTRIBUTE>title</ATTRIBUTE><GROUPING>Properties</GROUPING><VALUE>Synchronizing data. Please wait...</VALUE></_-NEPTUNE_-_OBJ_AT><_-NEPTUNE_-_OBJ_AT><APPLID>ZUI_NAD_PROGRESS_DEMO</APPLID><FIELD_ID>00010</FIELD_ID><VERSION>0001</VERSION><ATTRIBUTE>type</ATTRIBUTE><GROUPING>Properties</GROUPING><VALUE>Message</VALUE></_-NEPTUNE_-_OBJ_AT><_-NEPTUNE_-_OBJ_AT><APPLID>ZUI_NAD_PROGRESS_DEMO</APPLID><FIELD_ID>00010</FIELD_ID><VERSION>0001</VERSION><ATTRIBUTE>verticalScrolling</ATTRIBUTE><GROUPING>Properties</GROUPING><VALUE>true</VALUE></_-NEPTUNE_-_OBJ_AT><_-NEPTUNE_-_OBJ_AT><APPLID>ZUI_NAD_PROGRESS_DEMO</APPLID><FIELD_ID>00011</FIELD_ID><VERSION>0001</VERSION><ATTRIBUTE>fixedLayout</ATTRIBUTE><GROUPING>Properties</GROUPING><VALUE>true</VALUE></_-NEPTUNE_-_OBJ_AT><_-NEPTUNE_-_OBJ_AT><APPLID>ZUI_NAD_PROGRESS_DEMO</APPLID><FIELD_ID>00011</FIELD_ID><VERSION>0001</VERSION><ATTRIBUTE>growing</ATTRIBUTE><GROUPING>Properties</GROUPING><VALUE>false</VALUE></_-NEPTUNE_-_OBJ_AT><_-NEPTUNE_-_OBJ_AT><APPLID>ZUI_NAD_PROGRESS_DEMO</APPLID><FIELD_ID>00011</FIELD_ID><VERSION>0001</VERSION><ATTRIBUTE>growingScrollToLoad</ATTRIBUTE><GROUPING>Properties</GROUPING><VALUE>false</VALUE></_-NEPTUNE_-_OBJ_AT><_-NEPTUNE_-_OBJ_AT><APPLID>ZUI_NAD_PROGRESS_DEMO</APPLID><FIELD_ID>00011</FIELD_ID><VERSION>0001</VERSION><ATTRIBUTE>growingThreshold</ATTRIBUTE><GROUPING>Properties</GROUPING><VALUE>20</VALUE></_-NEPTUNE_-_OBJ_AT><_-NEPTUNE_-_OBJ_AT><APPLID>ZUI_NAD_PROGRESS_DEMO</APPLID><FIELD_ID>00011</FIELD_ID><VERSION>0001</VERSION><ATTRIBUTE>includeItemInSelection</ATTRIBUTE><GROUPING>Properties</GROUPING><VALUE>false</VALUE></_-NEPTUNE_-_OBJ_AT><_-NEPTUNE_-_OBJ_AT><APPLID>ZUI_NAD_PROGRESS_DEMO</APPLID><FIELD_ID>00011</FIELD_ID><VERSION>0001</VERSION><ATTRIBUTE>inset</ATTRIBUTE><GROUPING>Properties</GROUPING><VALUE>false</VALUE></_-NEPTUNE_-_OBJ_AT><_-NEPTUNE_-_OBJ_AT><APPLID>ZUI_NAD_PROGRESS_DEMO</APPLID><FIELD_ID>00011</FIELD_ID><VERSION>0001</VERSION><ATTRIBUTE>keyboardMode</ATTRIBUTE><GROUPING>Properties</GROUPING><VALUE>Navigation</VALUE></_-NEPTUNE_-_OBJ_AT><_-NEPTUNE_-_OBJ_AT><APPLID>ZUI_NAD_PROGRESS_DEMO</APPLID><FIELD_ID>00011</FIELD_ID><VERSION>0001</VERSION><ATTRIBUTE>modeAnimationOn</ATTRIBUTE><GROUPING>Properties</GROUPING><VALUE>true</VALUE></_-NEPTUNE_-_OBJ_AT><_-NEPTUNE_-_OBJ_AT><APPLID>ZUI_NAD_PROGRESS_DEMO</APPLID><FIELD_ID>00011</FIELD_ID><VERSION>0001</VERSION><ATTRIBUTE>rememberSelections</ATTRIBUTE><GROUPING>Properties</GROUPING><VALUE>true</VALUE></_-NEPTUNE_-_OBJ_AT><_-NEPTUNE_-_OBJ_AT><APPLID>ZUI_NAD_PROGRESS_DEMO</APPLID><FIELD_ID>00011</FIELD_ID><VERSION>0001</VERSION><ATTRIBUTE>showNoData</ATTRIBUTE><GROUPING>Properties</GROUPING><VALUE>true</VALUE></_-NEPTUNE_-_OBJ_AT><_-NEPTUNE_-_OBJ_AT><APPLID>ZUI_NAD_PROGRESS_DEMO</APPLID><FIELD_ID>00011</FIELD_ID><VERSION>0001</VERSION><ATTRIBUTE>showOverlay</ATTRIBUTE><GROUPING>Properties</GROUPING><VALUE>false</VALUE></_-NEPTUNE_-_OBJ_AT><_-NEPTUNE_-_OBJ_AT><APPLID>ZUI_NAD_PROGRESS_DEMO</APPLID><FIELD_ID>00011</FIELD_ID><VERSION>0001</VERSION><ATTRIBUTE>showSeparators</ATTRIBUTE><GROUPING>Properties</GROUPING><VALUE>None</VALUE></_-NEPTUNE_-_OBJ_AT><_-NEPTUNE_-_OBJ_AT><APPLID>ZUI_NAD_PROGRESS_DEMO</APPLID><FIELD_ID>00011</FIELD_ID><VERSION>0001</VERSION><ATTRIBUTE>showUnread</ATTRIBUTE><GROUPING>Properties</GROUPING><VALUE>false</VALUE></_-NEPTUNE_-_OBJ_AT><_-NEPTUNE_-_OBJ_AT><APPLID>ZUI_NAD_PROGRESS_DEMO</APPLID><FIELD_ID>00011</FIELD_ID><VERSION>0001</VERSION><ATTRIBUTE>updateFinished</ATTRIBUTE><GROUPING>Events</GROUPING><VALUE>Anonymous Function</VALUE></_-NEPTUNE_-_OBJ_AT><_-NEPTUNE_-_OBJ_AT><APPLID>ZUI_NAD_PROGRESS_DEMO</APPLID><FIELD_ID>00011</FIELD_ID><VERSION>0001</VERSION><ATTRIBUTE>visible</ATTRIBUTE><GROUPING>Properties</GROUPING><VALUE>true</VALUE></_-NEPTUNE_-_OBJ_AT><_-NEPTUNE_-_OBJ_AT><APPLID>ZUI_NAD_PROGRESS_DEMO</APPLID><FIELD_ID>00012</FIELD_ID><VERSION>0001</VERSION><ATTRIBUTE>demandPopin</ATTRIBUTE><GROUPING>Properties</GROUPING><VALUE>false</VALUE></_-NEPTUNE_-_OBJ_AT><_-NEPTUNE_-_OBJ_AT><APPLID>ZUI_NAD_PROGRESS_DEMO</APPLID><FIELD_ID>00012</FIELD_ID><VERSION>0001</VERSION><ATTRIBUTE>mergeDuplicates</ATTRIBUTE><GROUPING>Properties</GROUPING><VALUE>false</VALUE></_-NEPTUNE_-_OBJ_AT><_-NEPTUNE_-_OBJ_AT><APPLID>ZUI_NAD_PROGRESS_DEMO</APPLID><FIELD_ID>00012</FIELD_ID><VERSION>0001</VERSION><ATTRIBUTE>text</ATTRIBUTE><GROUPING>Properties</GROUPING><VALUE>Activity</VALUE></_-NEPTUNE_-_OBJ_AT><_-NEPTUNE_-_OBJ_AT><APPLID>ZUI_NAD_PROGRESS_DEMO</APPLID><FIELD_ID>00012</FIELD_ID><VERSION>0001</VERSION><ATTRIBUTE>visible</ATTRIBUTE><GROUPING>Properties</GROUPING><VALUE>true</VALUE></_-NEPTUNE_-_OBJ_AT><_-NEPTUNE_-_OBJ_AT><APPLID>ZUI_NAD_PROGRESS_DEMO</APPLID><FIELD_ID>00013</FIELD_ID><VERSION>0001</VERSION><ATTRIBUTE>demandPopin</ATTRIBUTE><GROUPING>Properties</GROUPING><VALUE>false</VALUE></_-NEPTUNE_-_OBJ_AT><_-NEPTUNE_-_OBJ_AT><APPLID>ZUI_NAD_PROGRESS_DEMO</APPLID><FIELD_ID>00013</FIELD_ID><VERSION>0001</VERSION><ATTRIBUTE>mergeDuplicates</ATTRIBUTE><GROUPING>Properties</GROUPING><VALUE>false</VALUE></_-NEPTUNE_-_OBJ_AT><_-NEPTUNE_-_OBJ_AT><APPLID>ZUI_NAD_PROGRESS_DEMO</APPLID><FIELD_ID>00013</FIELD_ID><VERSION>0001</VERSION><ATTRIBUTE>text</ATTRIBUTE><GROUPING>Properties</GROUPING><VALUE>Status</VALUE></_-NEPTUNE_-_OBJ_AT><_-NEPTUNE_-_OBJ_AT><APPLID>ZUI_NAD_PROGRESS_DEMO</APPLID><FIELD_ID>00013</FIELD_ID><VERSION>0001</VERSION><ATTRIBUTE>visible</ATTRIBUTE><GROUPING>Properties</GROUPING><VALUE>true</VALUE></_-NEPTUNE_-_OBJ_AT><_-NEPTUNE_-_OBJ_AT><APPLID>ZUI_NAD_PROGRESS_DEMO</APPLID><FIELD_ID>00013</FIELD_ID><VERSION>0001</VERSION><ATTRIBUTE>width</ATTRIBUTE><GROUPING>Properties</GROUPING><VALUE>40px</VALUE></_-NEPTUNE_-_OBJ_AT><_-NEPTUNE_-_OBJ_AT><APPLID>ZUI_NAD_PROGRESS_DEMO</APPLID><FIELD_ID>00014</FIELD_ID><VERSION>0001</VERSION><ATTRIBUTE>highlight</ATTRIBUTE><GROUPING>Properties</GROUPING><VALUE>None</VALUE></_-NEPTUNE_-_OBJ_AT><_-NEPTUNE_-_OBJ_AT><APPLID>ZUI_NAD_PROGRESS_DEMO</APPLID><FIELD_ID>00014</FIELD_ID><VERSION>0001</VERSION><ATTRIBUTE>selected</ATTRIBUTE><GROUPING>Properties</GROUPING><VALUE>false</VALUE></_-NEPTUNE_-_OBJ_AT><_-NEPTUNE_-_OBJ_AT><APPLID>ZUI_NAD_PROGRESS_DEMO</APPLID><FIELD_ID>00014</FIELD_ID><VERSION>0001</VERSION><ATTRIBUTE>unread</ATTRIBUTE><GROUPING>Properties</GROUPING><VALUE>false</VALUE></_-NEPTUNE_-_OBJ_AT><_-NEPTUNE_-_OBJ_AT><APPLID>ZUI_NAD_PROGRESS_DEMO</APPLID><FIELD_ID>00014</FIELD_ID><VERSION>0001</VERSION><ATTRIBUTE>visible</ATTRIBUTE><GROUPING>Properties</GROUPING><VALUE>true</VALUE></_-NEPTUNE_-_OBJ_AT><_-NEPTUNE_-_OBJ_AT><APPLID>ZUI_NAD_PROGRESS_DEMO</APPLID><FIELD_ID>00015</FIELD_ID><VERSION>0001</VERSION><ATTRIBUTE>text</ATTRIBUTE><GROUPING>Properties</GROUPING><VALUE>{MT_PROGRESS_TABLE-MESSAGE}</VALUE></_-NEPTUNE_-_OBJ_AT><_-NEPTUNE_-_OBJ_AT><APPLID>ZUI_NAD_PROGRESS_DEMO</APPLID><FIELD_ID>00015</FIELD_ID><VERSION>0001</VERSION><ATTRIBUTE>visible</ATTRIBUTE><GROUPING>Properties</GROUPING><VALUE>true</VALUE></_-NEPTUNE_-_OBJ_AT><_-NEPTUNE_-_OBJ_AT><APPLID>ZUI_NAD_PROGRESS_DEMO</APPLID><FIELD_ID>00015</FIELD_ID><VERSION>0001</VERSION><ATTRIBUTE>wrapping</ATTRIBUTE><GROUPING>Properties</GROUPING><VALUE>true</VALUE></_-NEPTUNE_-_OBJ_AT><_-NEPTUNE_-_OBJ_AT><APPLID>ZUI_NAD_PROGRESS_DEMO</APPLID><FIELD_ID>00017</FIELD_ID><VERSION>0001</VERSION><ATTRIBUTE>decorative</ATTRIBUTE><GROUPING>Properties</GROUPING><VALUE>true</VALUE></_-NEPTUNE_-_OBJ_AT><_-NEPTUNE_-_OBJ_AT><APPLID>ZUI_NAD_PROGRESS_DEMO</APPLID><FIELD_ID>00017</FIELD_ID><VERSION>0001</VERSION><ATTRIBUTE>noTabStop</ATTRIBUTE><GROUPING>Properties</GROUPING><VALUE>false</VALUE></_-NEPTUNE_-_OBJ_AT><_-NEPTUNE_-_OBJ_AT><APPLID>ZUI_NAD_PROGRESS_DEMO</APPLID><FIELD_ID>00017</FIELD_ID><VERSION>0001</VERSION><ATTRIBUTE>size</ATTRIBUTE><GROUPING>Properties</GROUPING><VALUE>22px</VALUE></_-NEPTUNE_-_OBJ_AT><_-NEPTUNE_-_OBJ_AT><APPLID>ZUI_NAD_PROGRESS_DEMO</APPLID><FIELD_ID>00017</FIELD_ID><VERSION>0001</VERSION><ATTRIBUTE>src</ATTRIBUTE><GROUPING>Properties</GROUPING><VALUE>{MT_PROGRESS_TABLE-ICON}</VALUE></_-NEPTUNE_-_OBJ_AT><_-NEPTUNE_-_OBJ_AT><APPLID>ZUI_NAD_PROGRESS_DEMO</APPLID><FIELD_ID>00017</FIELD_ID><VERSION>0001</VERSION><ATTRIBUTE>useIconTooltip</ATTRIBUTE><GROUPING>Properties</GROUPING><VALUE>true</VALUE></_-NEPTUNE_-_OBJ_AT><_-NEPTUNE_-_OBJ_AT><APPLID>ZUI_NAD_PROGRESS_DEMO</APPLID><FIELD_ID>00017</FIELD_ID><VERSION>0001</VERSION><ATTRIBUTE>visible</ATTRIBUTE><GROUPING>Properties</GROUPING><VALUE>true</VALUE></_-NEPTUNE_-_OBJ_AT><_-NEPTUNE_-_OBJ_AT><APPLID>ZUI_NAD_PROGRESS_DEMO</APPLID><FIELD_ID>00018</FIELD_ID><VERSION>0001</VERSION><ATTRIBUTE>backgroundDesign</ATTRIBUTE><GROUPING>Properties</GROUPING><VALUE>Standard</VALUE></_-NEPTUNE_-_OBJ_AT><_-NEPTUNE_-_OBJ_AT><APPLID>ZUI_NAD_PROGRESS_DEMO</APPLID><FIELD_ID>00018</FIELD_ID><VERSION>0001</VERSION><ATTRIBUTE>contentOnlyBusy</ATTRIBUTE><GROUPING>Properties</GROUPING><VALUE>false</VALUE></_-NEPTUNE_-_OBJ_AT><_-NEPTUNE_-_OBJ_AT><APPLID>ZUI_NAD_PROGRESS_DEMO</APPLID><FIELD_ID>00018</FIELD_ID><VERSION>0001</VERSION><ATTRIBUTE>enableScrolling</ATTRIBUTE><GROUPING>Properties</GROUPING><VALUE>true</VALUE></_-NEPTUNE_-_OBJ_AT><_-NEPTUNE_-_OBJ_AT><APPLID>ZUI_NAD_PROGRESS_DEMO</APPLID><FIELD_ID>00018</FIELD_ID><VERSION>0001</VERSION><ATTRIBUTE>floatingFooter</ATTRIBUTE><GROUPING>Properties</GROUPING><VALUE>false</VALUE></_-NEPTUNE_-_OBJ_AT><_-NEPTUNE_-_OBJ_AT><APPLID>ZUI_NAD_PROGRESS_DEMO</APPLID><FIELD_ID>00018</FIELD_ID><VERSION>0001</VERSION><ATTRIBUTE>showFooter</ATTRIBUTE><GROUPING>Properties</GROUPING><VALUE>true</VALUE></_-NEPTUNE_-_OBJ_AT><_-NEPTUNE_-_OBJ_AT><APPLID>ZUI_NAD_PROGRESS_DEMO</APPLID><FIELD_ID>00018</FIELD_ID><VERSION>0001</VERSION><ATTRIBUTE>showHeader</ATTRIBUTE><GROUPING>Properties</GROUPING><VALUE>true</VALUE></_-NEPTUNE_-_OBJ_AT><_-NEPTUNE_-_OBJ_AT><APPLID>ZUI_NAD_PROGRESS_DEMO</APPLID><FIELD_ID>00018</FIELD_ID><VERSION>0001</VERSION><ATTRIBUTE>showNavButton</ATTRIBUTE><GROUPING>Properties</GROUPING><VALUE>false</VALUE></_-NEPTUNE_-_OBJ_AT><_-NEPTUNE_-_OBJ_AT><APPLID>ZUI_NAD_PROGRESS_DEMO</APPLID><FIELD_ID>00018</FIELD_ID><VERSION>0001</VERSION><ATTRIBUTE>showSubHeader</ATTRIBUTE><GROUPING>Properties</GROUPING><VALUE>true</VALUE></_-NEPTUNE_-_OBJ_AT><_-NEPTUNE_-_OBJ_AT><APPLID>ZUI_NAD_PROGRESS_DEMO</APPLID><FIELD_ID>00018</FIELD_ID><VERSION>0001</VERSION><ATTRIBUTE>visible</ATTRIBUTE><GROUPING>Properties</GROUPING><VALUE>true</VALUE></_-NEPTUNE_-_OBJ_AT><_-NEPTUNE_-_OBJ_AT><APPLID>ZUI_NAD_PROGRESS_DEMO</APPLID><FIELD_ID>00020</FIELD_ID><VERSION>0001</VERSION><ATTRIBUTE>backgroundDesign</ATTRIBUTE><GROUPING>Properties</GROUPING><VALUE>Translucent</VALUE></_-NEPTUNE_-_OBJ_AT><_-NEPTUNE_-_OBJ_AT><APPLID>ZUI_NAD_PROGRESS_DEMO</APPLID><FIELD_ID>00020</FIELD_ID><VERSION>0001</VERSION><ATTRIBUTE>expandAnimation</ATTRIBUTE><GROUPING>Properties</GROUPING><VALUE>true</VALUE></_-NEPTUNE_-_OBJ_AT><_-NEPTUNE_-_OBJ_AT><APPLID>ZUI_NAD_PROGRESS_DEMO</APPLID><FIELD_ID>00020</FIELD_ID><VERSION>0001</VERSION><ATTRIBUTE>expandable</ATTRIBUTE><GROUPING>Properties</GROUPING><VALUE>false</VALUE></_-NEPTUNE_-_OBJ_AT><_-NEPTUNE_-_OBJ_AT><APPLID>ZUI_NAD_PROGRESS_DEMO</APPLID><FIELD_ID>00020</FIELD_ID><VERSION>0001</VERSION><ATTRIBUTE>expanded</ATTRIBUTE><GROUPING>Properties</GROUPING><VALUE>false</VALUE></_-NEPTUNE_-_OBJ_AT><_-NEPTUNE_-_OBJ_AT><APPLID>ZUI_NAD_PROGRESS_DEMO</APPLID><FIELD_ID>00020</FIELD_ID><VERSION>0001</VERSION><ATTRIBUTE>visible</ATTRIBUTE><GROUPING>Properties</GROUPING><VALUE>true</VALUE></_-NEPTUNE_-_OBJ_AT><_-NEPTUNE_-_OBJ_AT><APPLID>ZUI_NAD_PROGRESS_DEMO</APPLID><FIELD_ID>00020</FIELD_ID><VERSION>0001</VERSION><ATTRIBUTE>width</ATTRIBUTE><GROUPING>Properties</GROUPING><VALUE>100%</VALUE></_-NEPTUNE_-_OBJ_AT><_-NEPTUNE_-_OBJ_AT><APPLID>ZUI_NAD_PROGRESS_DEMO</APPLID><FIELD_ID>00021</FIELD_ID><VERSION>0001</VERSION><ATTRIBUTE>backgroundDesign</ATTRIBUTE><GROUPING>Properties</GROUPING><VALUE>Translucent</VALUE></_-NEPTUNE_-_OBJ_AT><_-NEPTUNE_-_OBJ_AT><APPLID>ZUI_NAD_PROGRESS_DEMO</APPLID><FIELD_ID>00021</FIELD_ID><VERSION>0001</VERSION><ATTRIBUTE>expandAnimation</ATTRIBUTE><GROUPING>Properties</GROUPING><VALUE>true</VALUE></_-NEPTUNE_-_OBJ_AT><_-NEPTUNE_-_OBJ_AT><APPLID>ZUI_NAD_PROGRESS_DEMO</APPLID><FIELD_ID>00021</FIELD_ID><VERSION>0001</VERSION><ATTRIBUTE>expandable</ATTRIBUTE><GROUPING>Properties</GROUPING><VALUE>false</VALUE></_-NEPTUNE_-_OBJ_AT><_-NEPTUNE_-_OBJ_AT><APPLID>ZUI_NAD_PROGRESS_DEMO</APPLID><FIELD_ID>00021</FIELD_ID><VERSION>0001</VERSION><ATTRIBUTE>expanded</ATTRIBUTE><GROUPING>Properties</GROUPING><VALUE>false</VALUE></_-NEPTUNE_-_OBJ_AT><_-NEPTUNE_-_OBJ_AT><APPLID>ZUI_NAD_PROGRESS_DEMO</APPLID><FIELD_ID>00021</FIELD_ID><VERSION>0001</VERSION><ATTRIBUTE>visible</ATTRIBUTE><GROUPING>Properties</GROUPING><VALUE>true</VALUE></_-NEPTUNE_-_OBJ_AT><_-NEPTUNE_-_OBJ_AT><APPLID>ZUI_NAD_PROGRESS_DEMO</APPLID><FIELD_ID>00021</FIELD_ID><VERSION>0001</VERSION><ATTRIBUTE>width</ATTRIBUTE><GROUPING>Properties</GROUPING><VALUE>100%</VALUE></_-NEPTUNE_-_OBJ_AT><_-NEPTUNE_-_OBJ_AT><APPLID>ZUI_NAD_PROGRESS_DEMO</APPLID><FIELD_ID>00025</FIELD_ID><VERSION>0001</VERSION><ATTRIBUTE>ajaxError</ATTRIBUTE><GROUPING>Events</GROUPING><VALUE>Anonymous Function</VALUE></_-NEPTUNE_-_OBJ_AT><_-NEPTUNE_-_OBJ_AT><APPLID>ZUI_NAD_PROGRESS_DEMO</APPLID><FIELD_ID>00025</FIELD_ID><VERSION>0001</VERSION><ATTRIBUTE>ajaxSuccess</ATTRIBUTE><GROUPING>Events</GROUPING><VALUE>Anonymous Function</VALUE></_-NEPTUNE_-_OBJ_AT><_-NEPTUNE_-_OBJ_AT><APPLID>ZUI_NAD_PROGRESS_DEMO</APPLID><FIELD_ID>00026</FIELD_ID><VERSION>0001</VERSION><ATTRIBUTE>ajaxError</ATTRIBUTE><GROUPING>Events</GROUPING><VALUE>Anonymous Function</VALUE></_-NEPTUNE_-_OBJ_AT><_-NEPTUNE_-_OBJ_AT><APPLID>ZUI_NAD_PROGRESS_DEMO</APPLID><FIELD_ID>00026</FIELD_ID><VERSION>0001</VERSION><ATTRIBUTE>ajaxSuccess</ATTRIBUTE><GROUPING>Events</GROUPING><VALUE>Anonymous Function</VALUE></_-NEPTUNE_-_OBJ_AT></IT_ATTRIBUTES><IT_HTML/><IT_SCRIPT><_-NEPTUNE_-_SCRIPT><APPLID>ZUI_NAD_PROGRESS_DEMO</APPLID><FIELD_ID>00022</FIELD_ID><VERSION>0001</VERSION><SEQNR>00001</SEQNR><TEXT>// guid function taken from</TEXT></_-NEPTUNE_-_SCRIPT><_-NEPTUNE_-_SCRIPT><APPLID>ZUI_NAD_PROGRESS_DEMO</APPLID><FIELD_ID>00022</FIELD_ID><VERSION>0001</VERSION><SEQNR>00002</SEQNR><TEXT>// https://stackoverflow.com/questions/105034/create-guid-uuid-in-javascript</TEXT></_-NEPTUNE_-_SCRIPT><_-NEPTUNE_-_SCRIPT><APPLID>ZUI_NAD_PROGRESS_DEMO</APPLID><FIELD_ID>00022</FIELD_ID><VERSION>0001</VERSION><SEQNR>00003</SEQNR><TEXT>// This is really overkill for this implementation.</TEXT></_-NEPTUNE_-_SCRIPT><_-NEPTUNE_-_SCRIPT><APPLID>ZUI_NAD_PROGRESS_DEMO</APPLID><FIELD_ID>00022</FIELD_ID><VERSION>0001</VERSION><SEQNR>00004</SEQNR><TEXT>function guid() {</TEXT></_-NEPTUNE_-_SCRIPT><_-NEPTUNE_-_SCRIPT><APPLID>ZUI_NAD_PROGRESS_DEMO</APPLID><FIELD_ID>00022</FIELD_ID><VERSION>0001</VERSION><SEQNR>00005</SEQNR><TEXT>  function s4() {</TEXT></_-NEPTUNE_-_SCRIPT><_-NEPTUNE_-_SCRIPT><APPLID>ZUI_NAD_PROGRESS_DEMO</APPLID><FIELD_ID>00022</FIELD_ID><VERSION>0001</VERSION><SEQNR>00006</SEQNR><TEXT>    return Math.floor((1 + Math.random()) * 0x10000)</TEXT></_-NEPTUNE_-_SCRIPT><_-NEPTUNE_-_SCRIPT><APPLID>ZUI_NAD_PROGRESS_DEMO</APPLID><FIELD_ID>00022</FIELD_ID><VERSION>0001</VERSION><SEQNR>00007</SEQNR><TEXT>      .toString(16)</TEXT></_-NEPTUNE_-_SCRIPT><_-NEPTUNE_-_SCRIPT><APPLID>ZUI_NAD_PROGRESS_DEMO</APPLID><FIELD_ID>00022</FIELD_ID><VERSION>0001</VERSION><SEQNR>00008</SEQNR><TEXT>      .substring(1);</TEXT></_-NEPTUNE_-_SCRIPT><_-NEPTUNE_-_SCRIPT><APPLID>ZUI_NAD_PROGRESS_DEMO</APPLID><FIELD_ID>00022</FIELD_ID><VERSION>0001</VERSION><SEQNR>00009</SEQNR><TEXT>  }</TEXT></_-NEPTUNE_-_SCRIPT><_-NEPTUNE_-_SCRIPT><APPLID>ZUI_NAD_PROGRESS_DEMO</APPLID><FIELD_ID>00022</FIELD_ID><VERSION>0001</VERSION><SEQNR>00010</SEQNR><TEXT>  return s4() + s4() + '-' + s4() + '-' + s4() + '-' +</TEXT></_-NEPTUNE_-_SCRIPT><_-NEPTUNE_-_SCRIPT><APPLID>ZUI_NAD_PROGRESS_DEMO</APPLID><FIELD_ID>00022</FIELD_ID><VERSION>0001</VERSION><SEQNR>00011</SEQNR><TEXT>    s4() + '-' + s4() + s4() + s4();</TEXT></_-NEPTUNE_-_SCRIPT><_-NEPTUNE_-_SCRIPT><APPLID>ZUI_NAD_PROGRESS_DEMO</APPLID><FIELD_ID>00022</FIELD_ID><VERSION>0001</VERSION><SEQNR>00012</SEQNR><TEXT>}</TEXT></_-NEPTUNE_-_SCRIPT><_-NEPTUNE_-_SCRIPT><APPLID>ZUI_NAD_PROGRESS_DEMO</APPLID><FIELD_ID>00022</FIELD_ID><VERSION>0001</VERSION><SEQNR>00013</SEQNR><TEXT/></_-NEPTUNE_-_SCRIPT><_-NEPTUNE_-_SCRIPT><APPLID>ZUI_NAD_PROGRESS_DEMO</APPLID><FIELD_ID>00022</FIELD_ID><VERSION>0001</VERSION><SEQNR>00014</SEQNR><TEXT>function getWebSocketURI(servicePath) {</TEXT></_-NEPTUNE_-_SCRIPT><_-NEPTUNE_-_SCRIPT><APPLID>ZUI_NAD_PROGRESS_DEMO</APPLID><FIELD_ID>00022</FIELD_ID><VERSION>0001</VERSION><SEQNR>00015</SEQNR><TEXT>    var hostLocation = window.location;</TEXT></_-NEPTUNE_-_SCRIPT><_-NEPTUNE_-_SCRIPT><APPLID>ZUI_NAD_PROGRESS_DEMO</APPLID><FIELD_ID>00022</FIELD_ID><VERSION>0001</VERSION><SEQNR>00016</SEQNR><TEXT>    var socketProtocol = (hostLocation.protocol == 'https:' ? 'wss:' : 'ws:');</TEXT></_-NEPTUNE_-_SCRIPT><_-NEPTUNE_-_SCRIPT><APPLID>ZUI_NAD_PROGRESS_DEMO</APPLID><FIELD_ID>00022</FIELD_ID><VERSION>0001</VERSION><SEQNR>00017</SEQNR><TEXT>    return socketProtocol + '//' + hostLocation.host + servicePath;</TEXT></_-NEPTUNE_-_SCRIPT><_-NEPTUNE_-_SCRIPT><APPLID>ZUI_NAD_PROGRESS_DEMO</APPLID><FIELD_ID>00022</FIELD_ID><VERSION>0001</VERSION><SEQNR>00018</SEQNR><TEXT>}</TEXT></_-NEPTUNE_-_SCRIPT><_-NEPTUNE_-_SCRIPT><APPLID>ZUI_NAD_PROGRESS_DEMO</APPLID><FIELD_ID>00023</FIELD_ID><VERSION>0001</VERSION><SEQNR>00001</SEQNR><TEXT>function progressMessage() {</TEXT></_-NEPTUNE_-_SCRIPT><_-NEPTUNE_-_SCRIPT><APPLID>ZUI_NAD_PROGRESS_DEMO</APPLID><FIELD_ID>00023</FIELD_ID><VERSION>0001</VERSION><SEQNR>00002</SEQNR><TEXT>    // Recommend setting a relevant first message here, if the WS for some reason fails...</TEXT></_-NEPTUNE_-_SCRIPT><_-NEPTUNE_-_SCRIPT><APPLID>ZUI_NAD_PROGRESS_DEMO</APPLID><FIELD_ID>00023</FIELD_ID><VERSION>0001</VERSION><SEQNR>00003</SEQNR><TEXT>    oBusyDialogMessage.setText('Heavy sync started');</TEXT></_-NEPTUNE_-_SCRIPT><_-NEPTUNE_-_SCRIPT><APPLID>ZUI_NAD_PROGRESS_DEMO</APPLID><FIELD_ID>00023</FIELD_ID><VERSION>0001</VERSION><SEQNR>00004</SEQNR><TEXT>    oBusyDialogMessage.open();</TEXT></_-NEPTUNE_-_SCRIPT><_-NEPTUNE_-_SCRIPT><APPLID>ZUI_NAD_PROGRESS_DEMO</APPLID><FIELD_ID>00023</FIELD_ID><VERSION>0001</VERSION><SEQNR>00005</SEQNR><TEXT/></_-NEPTUNE_-_SCRIPT><_-NEPTUNE_-_SCRIPT><APPLID>ZUI_NAD_PROGRESS_DEMO</APPLID><FIELD_ID>00023</FIELD_ID><VERSION>0001</VERSION><SEQNR>00006</SEQNR><TEXT>    // Set a global ID for this "AJAX Session":</TEXT></_-NEPTUNE_-_SCRIPT><_-NEPTUNE_-_SCRIPT><APPLID>ZUI_NAD_PROGRESS_DEMO</APPLID><FIELD_ID>00023</FIELD_ID><VERSION>0001</VERSION><SEQNR>00007</SEQNR><TEXT>    sessionID = guid();</TEXT></_-NEPTUNE_-_SCRIPT><_-NEPTUNE_-_SCRIPT><APPLID>ZUI_NAD_PROGRESS_DEMO</APPLID><FIELD_ID>00023</FIELD_ID><VERSION>0001</VERSION><SEQNR>00008</SEQNR><TEXT/></_-NEPTUNE_-_SCRIPT><_-NEPTUNE_-_SCRIPT><APPLID>ZUI_NAD_PROGRESS_DEMO</APPLID><FIELD_ID>00023</FIELD_ID><VERSION>0001</VERSION><SEQNR>00009</SEQNR><TEXT>    // URI for the WS, using the ABAP Push Channnel service:</TEXT></_-NEPTUNE_-_SCRIPT><_-NEPTUNE_-_SCRIPT><APPLID>ZUI_NAD_PROGRESS_DEMO</APPLID><FIELD_ID>00023</FIELD_ID><VERSION>0001</VERSION><SEQNR>00010</SEQNR><TEXT>    var webSocketURI = getWebSocketURI('/sap/bc/apc/sap/zpc_nad_progress');</TEXT></_-NEPTUNE_-_SCRIPT><_-NEPTUNE_-_SCRIPT><APPLID>ZUI_NAD_PROGRESS_DEMO</APPLID><FIELD_ID>00023</FIELD_ID><VERSION>0001</VERSION><SEQNR>00011</SEQNR><TEXT/></_-NEPTUNE_-_SCRIPT><_-NEPTUNE_-_SCRIPT><APPLID>ZUI_NAD_PROGRESS_DEMO</APPLID><FIELD_ID>00023</FIELD_ID><VERSION>0001</VERSION><SEQNR>00012</SEQNR><TEXT>    try {</TEXT></_-NEPTUNE_-_SCRIPT><_-NEPTUNE_-_SCRIPT><APPLID>ZUI_NAD_PROGRESS_DEMO</APPLID><FIELD_ID>00023</FIELD_ID><VERSION>0001</VERSION><SEQNR>00013</SEQNR><TEXT>        socket = new WebSocket(webSocketURI);</TEXT></_-NEPTUNE_-_SCRIPT><_-NEPTUNE_-_SCRIPT><APPLID>ZUI_NAD_PROGRESS_DEMO</APPLID><FIELD_ID>00023</FIELD_ID><VERSION>0001</VERSION><SEQNR>00014</SEQNR><TEXT>        socket.onopen = function() {};</TEXT></_-NEPTUNE_-_SCRIPT><_-NEPTUNE_-_SCRIPT><APPLID>ZUI_NAD_PROGRESS_DEMO</APPLID><FIELD_ID>00023</FIELD_ID><VERSION>0001</VERSION><SEQNR>00015</SEQNR><TEXT>        socket.onmessage = function(mess) {</TEXT></_-NEPTUNE_-_SCRIPT><_-NEPTUNE_-_SCRIPT><APPLID>ZUI_NAD_PROGRESS_DEMO</APPLID><FIELD_ID>00023</FIELD_ID><VERSION>0001</VERSION><SEQNR>00016</SEQNR><TEXT>            // Get message, check uuid, update message text:</TEXT></_-NEPTUNE_-_SCRIPT><_-NEPTUNE_-_SCRIPT><APPLID>ZUI_NAD_PROGRESS_DEMO</APPLID><FIELD_ID>00023</FIELD_ID><VERSION>0001</VERSION><SEQNR>00017</SEQNR><TEXT>            if (mess.data !== undefined) {</TEXT></_-NEPTUNE_-_SCRIPT><_-NEPTUNE_-_SCRIPT><APPLID>ZUI_NAD_PROGRESS_DEMO</APPLID><FIELD_ID>00023</FIELD_ID><VERSION>0001</VERSION><SEQNR>00018</SEQNR><TEXT>                var messData = JSON.parse(mess.data);</TEXT></_-NEPTUNE_-_SCRIPT><_-NEPTUNE_-_SCRIPT><APPLID>ZUI_NAD_PROGRESS_DEMO</APPLID><FIELD_ID>00023</FIELD_ID><VERSION>0001</VERSION><SEQNR>00019</SEQNR><TEXT>                if (messData.UUID == sessionID) {</TEXT></_-NEPTUNE_-_SCRIPT><_-NEPTUNE_-_SCRIPT><APPLID>ZUI_NAD_PROGRESS_DEMO</APPLID><FIELD_ID>00023</FIELD_ID><VERSION>0001</VERSION><SEQNR>00020</SEQNR><TEXT>                    oBusyDialogMessage.setText(messData.MESSAGE);</TEXT></_-NEPTUNE_-_SCRIPT><_-NEPTUNE_-_SCRIPT><APPLID>ZUI_NAD_PROGRESS_DEMO</APPLID><FIELD_ID>00023</FIELD_ID><VERSION>0001</VERSION><SEQNR>00021</SEQNR><TEXT>                }</TEXT></_-NEPTUNE_-_SCRIPT><_-NEPTUNE_-_SCRIPT><APPLID>ZUI_NAD_PROGRESS_DEMO</APPLID><FIELD_ID>00023</FIELD_ID><VERSION>0001</VERSION><SEQNR>00022</SEQNR><TEXT>            }</TEXT></_-NEPTUNE_-_SCRIPT><_-NEPTUNE_-_SCRIPT><APPLID>ZUI_NAD_PROGRESS_DEMO</APPLID><FIELD_ID>00023</FIELD_ID><VERSION>0001</VERSION><SEQNR>00023</SEQNR><TEXT>        };</TEXT></_-NEPTUNE_-_SCRIPT><_-NEPTUNE_-_SCRIPT><APPLID>ZUI_NAD_PROGRESS_DEMO</APPLID><FIELD_ID>00023</FIELD_ID><VERSION>0001</VERSION><SEQNR>00024</SEQNR><TEXT>        socket.onclose = function() {};</TEXT></_-NEPTUNE_-_SCRIPT><_-NEPTUNE_-_SCRIPT><APPLID>ZUI_NAD_PROGRESS_DEMO</APPLID><FIELD_ID>00023</FIELD_ID><VERSION>0001</VERSION><SEQNR>00025</SEQNR><TEXT>    } catch (exception) {}</TEXT></_-NEPTUNE_-_SCRIPT><_-NEPTUNE_-_SCRIPT><APPLID>ZUI_NAD_PROGRESS_DEMO</APPLID><FIELD_ID>00023</FIELD_ID><VERSION>0001</VERSION><SEQNR>00026</SEQNR><TEXT/></_-NEPTUNE_-_SCRIPT><_-NEPTUNE_-_SCRIPT><APPLID>ZUI_NAD_PROGRESS_DEMO</APPLID><FIELD_ID>00023</FIELD_ID><VERSION>0001</VERSION><SEQNR>00027</SEQNR><TEXT>    // Now initiate the AJAX call to the backend, with the "Session ID":</TEXT></_-NEPTUNE_-_SCRIPT><_-NEPTUNE_-_SCRIPT><APPLID>ZUI_NAD_PROGRESS_DEMO</APPLID><FIELD_ID>00023</FIELD_ID><VERSION>0001</VERSION><SEQNR>00028</SEQNR><TEXT>    getOnlineprogressDemo01(sessionID);</TEXT></_-NEPTUNE_-_SCRIPT><_-NEPTUNE_-_SCRIPT><APPLID>ZUI_NAD_PROGRESS_DEMO</APPLID><FIELD_ID>00023</FIELD_ID><VERSION>0001</VERSION><SEQNR>00029</SEQNR><TEXT>}</TEXT></_-NEPTUNE_-_SCRIPT><_-NEPTUNE_-_SCRIPT><APPLID>ZUI_NAD_PROGRESS_DEMO</APPLID><FIELD_ID>00024</FIELD_ID><VERSION>0001</VERSION><SEQNR>00001</SEQNR><TEXT>function progressTable() {</TEXT></_-NEPTUNE_-_SCRIPT><_-NEPTUNE_-_SCRIPT><APPLID>ZUI_NAD_PROGRESS_DEMO</APPLID><FIELD_ID>00024</FIELD_ID><VERSION>0001</VERSION><SEQNR>00002</SEQNR><TEXT>    // Recommend setting a relevant first message here, if the WS for some reason fails...</TEXT></_-NEPTUNE_-_SCRIPT><_-NEPTUNE_-_SCRIPT><APPLID>ZUI_NAD_PROGRESS_DEMO</APPLID><FIELD_ID>00024</FIELD_ID><VERSION>0001</VERSION><SEQNR>00003</SEQNR><TEXT>    var firstLine = {};</TEXT></_-NEPTUNE_-_SCRIPT><_-NEPTUNE_-_SCRIPT><APPLID>ZUI_NAD_PROGRESS_DEMO</APPLID><FIELD_ID>00024</FIELD_ID><VERSION>0001</VERSION><SEQNR>00004</SEQNR><TEXT>    firstLine.MESSAGE = 'Heavy sync started';</TEXT></_-NEPTUNE_-_SCRIPT><_-NEPTUNE_-_SCRIPT><APPLID>ZUI_NAD_PROGRESS_DEMO</APPLID><FIELD_ID>00024</FIELD_ID><VERSION>0001</VERSION><SEQNR>00005</SEQNR><TEXT>    firstLine.ICON = 'sap-icon://overflow';</TEXT></_-NEPTUNE_-_SCRIPT><_-NEPTUNE_-_SCRIPT><APPLID>ZUI_NAD_PROGRESS_DEMO</APPLID><FIELD_ID>00024</FIELD_ID><VERSION>0001</VERSION><SEQNR>00006</SEQNR><TEXT>    modeloTableProgress.setData([firstLine]);</TEXT></_-NEPTUNE_-_SCRIPT><_-NEPTUNE_-_SCRIPT><APPLID>ZUI_NAD_PROGRESS_DEMO</APPLID><FIELD_ID>00024</FIELD_ID><VERSION>0001</VERSION><SEQNR>00007</SEQNR><TEXT/></_-NEPTUNE_-_SCRIPT><_-NEPTUNE_-_SCRIPT><APPLID>ZUI_NAD_PROGRESS_DEMO</APPLID><FIELD_ID>00024</FIELD_ID><VERSION>0001</VERSION><SEQNR>00008</SEQNR><TEXT>    // Disable close button (until AJAX-call returns) and open dialog:</TEXT></_-NEPTUNE_-_SCRIPT><_-NEPTUNE_-_SCRIPT><APPLID>ZUI_NAD_PROGRESS_DEMO</APPLID><FIELD_ID>00024</FIELD_ID><VERSION>0001</VERSION><SEQNR>00009</SEQNR><TEXT>    oButtonClose.setEnabled(false);</TEXT></_-NEPTUNE_-_SCRIPT><_-NEPTUNE_-_SCRIPT><APPLID>ZUI_NAD_PROGRESS_DEMO</APPLID><FIELD_ID>00024</FIELD_ID><VERSION>0001</VERSION><SEQNR>00010</SEQNR><TEXT>    oDialogTable.open();</TEXT></_-NEPTUNE_-_SCRIPT><_-NEPTUNE_-_SCRIPT><APPLID>ZUI_NAD_PROGRESS_DEMO</APPLID><FIELD_ID>00024</FIELD_ID><VERSION>0001</VERSION><SEQNR>00011</SEQNR><TEXT/></_-NEPTUNE_-_SCRIPT><_-NEPTUNE_-_SCRIPT><APPLID>ZUI_NAD_PROGRESS_DEMO</APPLID><FIELD_ID>00024</FIELD_ID><VERSION>0001</VERSION><SEQNR>00012</SEQNR><TEXT>    // Set a global ID for this "AJAX Session":</TEXT></_-NEPTUNE_-_SCRIPT><_-NEPTUNE_-_SCRIPT><APPLID>ZUI_NAD_PROGRESS_DEMO</APPLID><FIELD_ID>00024</FIELD_ID><VERSION>0001</VERSION><SEQNR>00013</SEQNR><TEXT>    sessionID = guid();</TEXT></_-NEPTUNE_-_SCRIPT><_-NEPTUNE_-_SCRIPT><APPLID>ZUI_NAD_PROGRESS_DEMO</APPLID><FIELD_ID>00024</FIELD_ID><VERSION>0001</VERSION><SEQNR>00014</SEQNR><TEXT/></_-NEPTUNE_-_SCRIPT><_-NEPTUNE_-_SCRIPT><APPLID>ZUI_NAD_PROGRESS_DEMO</APPLID><FIELD_ID>00024</FIELD_ID><VERSION>0001</VERSION><SEQNR>00015</SEQNR><TEXT>    // URI for the WS, using the ABAP Push Channnel service:</TEXT></_-NEPTUNE_-_SCRIPT><_-NEPTUNE_-_SCRIPT><APPLID>ZUI_NAD_PROGRESS_DEMO</APPLID><FIELD_ID>00024</FIELD_ID><VERSION>0001</VERSION><SEQNR>00016</SEQNR><TEXT>    var webSocketURI = getWebSocketURI('/sap/bc/apc/sap/zpc_nad_progress');</TEXT></_-NEPTUNE_-_SCRIPT><_-NEPTUNE_-_SCRIPT><APPLID>ZUI_NAD_PROGRESS_DEMO</APPLID><FIELD_ID>00024</FIELD_ID><VERSION>0001</VERSION><SEQNR>00017</SEQNR><TEXT/></_-NEPTUNE_-_SCRIPT><_-NEPTUNE_-_SCRIPT><APPLID>ZUI_NAD_PROGRESS_DEMO</APPLID><FIELD_ID>00024</FIELD_ID><VERSION>0001</VERSION><SEQNR>00018</SEQNR><TEXT>    try {</TEXT></_-NEPTUNE_-_SCRIPT><_-NEPTUNE_-_SCRIPT><APPLID>ZUI_NAD_PROGRESS_DEMO</APPLID><FIELD_ID>00024</FIELD_ID><VERSION>0001</VERSION><SEQNR>00019</SEQNR><TEXT>        socket = new WebSocket(webSocketURI);</TEXT></_-NEPTUNE_-_SCRIPT><_-NEPTUNE_-_SCRIPT><APPLID>ZUI_NAD_PROGRESS_DEMO</APPLID><FIELD_ID>00024</FIELD_ID><VERSION>0001</VERSION><SEQNR>00020</SEQNR><TEXT>        socket.onopen = function() {};</TEXT></_-NEPTUNE_-_SCRIPT><_-NEPTUNE_-_SCRIPT><APPLID>ZUI_NAD_PROGRESS_DEMO</APPLID><FIELD_ID>00024</FIELD_ID><VERSION>0001</VERSION><SEQNR>00021</SEQNR><TEXT>        socket.onmessage = function(mess) {</TEXT></_-NEPTUNE_-_SCRIPT><_-NEPTUNE_-_SCRIPT><APPLID>ZUI_NAD_PROGRESS_DEMO</APPLID><FIELD_ID>00024</FIELD_ID><VERSION>0001</VERSION><SEQNR>00022</SEQNR><TEXT>            // Get message, check uuid, update table data:</TEXT></_-NEPTUNE_-_SCRIPT><_-NEPTUNE_-_SCRIPT><APPLID>ZUI_NAD_PROGRESS_DEMO</APPLID><FIELD_ID>00024</FIELD_ID><VERSION>0001</VERSION><SEQNR>00023</SEQNR><TEXT>            if (mess.data !== undefined &amp;&amp; JSON.parse(mess.data)[0].UUID == sessionID) {</TEXT></_-NEPTUNE_-_SCRIPT><_-NEPTUNE_-_SCRIPT><APPLID>ZUI_NAD_PROGRESS_DEMO</APPLID><FIELD_ID>00024</FIELD_ID><VERSION>0001</VERSION><SEQNR>00024</SEQNR><TEXT>                modeloTableProgress.setJSON(mess.data);</TEXT></_-NEPTUNE_-_SCRIPT><_-NEPTUNE_-_SCRIPT><APPLID>ZUI_NAD_PROGRESS_DEMO</APPLID><FIELD_ID>00024</FIELD_ID><VERSION>0001</VERSION><SEQNR>00025</SEQNR><TEXT>            }</TEXT></_-NEPTUNE_-_SCRIPT><_-NEPTUNE_-_SCRIPT><APPLID>ZUI_NAD_PROGRESS_DEMO</APPLID><FIELD_ID>00024</FIELD_ID><VERSION>0001</VERSION><SEQNR>00026</SEQNR><TEXT>        };</TEXT></_-NEPTUNE_-_SCRIPT><_-NEPTUNE_-_SCRIPT><APPLID>ZUI_NAD_PROGRESS_DEMO</APPLID><FIELD_ID>00024</FIELD_ID><VERSION>0001</VERSION><SEQNR>00027</SEQNR><TEXT>        socket.onclose = function() {};</TEXT></_-NEPTUNE_-_SCRIPT><_-NEPTUNE_-_SCRIPT><APPLID>ZUI_NAD_PROGRESS_DEMO</APPLID><FIELD_ID>00024</FIELD_ID><VERSION>0001</VERSION><SEQNR>00028</SEQNR><TEXT>    } catch (exception) {}</TEXT></_-NEPTUNE_-_SCRIPT><_-NEPTUNE_-_SCRIPT><APPLID>ZUI_NAD_PROGRESS_DEMO</APPLID><FIELD_ID>00024</FIELD_ID><VERSION>0001</VERSION><SEQNR>00029</SEQNR><TEXT/></_-NEPTUNE_-_SCRIPT><_-NEPTUNE_-_SCRIPT><APPLID>ZUI_NAD_PROGRESS_DEMO</APPLID><FIELD_ID>00024</FIELD_ID><VERSION>0001</VERSION><SEQNR>00030</SEQNR><TEXT>    // Now initiate the AJAX call to the backend, with the "Session ID":</TEXT></_-NEPTUNE_-_SCRIPT><_-NEPTUNE_-_SCRIPT><APPLID>ZUI_NAD_PROGRESS_DEMO</APPLID><FIELD_ID>00024</FIELD_ID><VERSION>0001</VERSION><SEQNR>00031</SEQNR><TEXT>    getOnlineprogressDemo02(sessionID);</TEXT></_-NEPTUNE_-_SCRIPT><_-NEPTUNE_-_SCRIPT><APPLID>ZUI_NAD_PROGRESS_DEMO</APPLID><FIELD_ID>00024</FIELD_ID><VERSION>0001</VERSION><SEQNR>00032</SEQNR><TEXT/></_-NEPTUNE_-_SCRIPT><_-NEPTUNE_-_SCRIPT><APPLID>ZUI_NAD_PROGRESS_DEMO</APPLID><FIELD_ID>00024</FIELD_ID><VERSION>0001</VERSION><SEQNR>00033</SEQNR><TEXT>}</TEXT></_-NEPTUNE_-_SCRIPT></IT_SCRIPT><IT_TABLE_FIELDS/><IT_ATTRIBUTES_CUSTOMER/><IT_FILTER/><IT_CSS_DESKTOP/><IT_CSS_MOBILE/><IT_CSS_TABLET/><IT_LANGUAGE/><IT_STYLE/><IT_STYLE_CUSTOMER/><IT_PLUGIN><_-NEPTUNE_-_PLUGIN><APPLID>ZUI_NAD_PROGRESS_DEMO</APPLID><VERSION>0001</VERSION><PLUGIN_ID>SAP_BELIZE</PLUGIN_ID><SORTING>40</SORTING></_-NEPTUNE_-_PLUGIN></IT_PLUGIN><IT_MANIFEST/><IT_BINDING><_-NEPTUNE_-_BIND><APPLID>ZUI_NAD_PROGRESS_DEMO</APPLID><FIELD_ID>00011</FIELD_ID><VERSION>0001</VERSION><BIND_OBJECT>DATA</BIND_OBJECT><BIND_TYPE>h</BIND_TYPE><BINDING>MT_PROGRESS_TABLE</BINDING><CONVEXIT/></_-NEPTUNE_-_BIND></IT_BINDING><IT_EVENT_SCRIPT><_-NEPTUNE_-_EVTSCR><APPLID>ZUI_NAD_PROGRESS_DEMO</APPLID><FIELD_ID>00005</FIELD_ID><VERSION>0001</VERSION><EVENT>press</EVENT><SEQNR>00001</SEQNR><TEXT>progressMessage();</TEXT></_-NEPTUNE_-_EVTSCR><_-NEPTUNE_-_EVTSCR><APPLID>ZUI_NAD_PROGRESS_DEMO</APPLID><FIELD_ID>00006</FIELD_ID><VERSION>0001</VERSION><EVENT>press</EVENT><SEQNR>00001</SEQNR><TEXT>progressTable();</TEXT></_-NEPTUNE_-_EVTSCR><_-NEPTUNE_-_EVTSCR><APPLID>ZUI_NAD_PROGRESS_DEMO</APPLID><FIELD_ID>00009</FIELD_ID><VERSION>0001</VERSION><EVENT>press</EVENT><SEQNR>00001</SEQNR><TEXT>oDialogTable.close();</TEXT></_-NEPTUNE_-_EVTSCR><_-NEPTUNE_-_EVTSCR><APPLID>ZUI_NAD_PROGRESS_DEMO</APPLID><FIELD_ID>00009</FIELD_ID><VERSION>0001</VERSION><EVENT>press</EVENT><SEQNR>00002</SEQNR><TEXT>socket.close();</TEXT></_-NEPTUNE_-_EVTSCR><_-NEPTUNE_-_EVTSCR><APPLID>ZUI_NAD_PROGRESS_DEMO</APPLID><FIELD_ID>00011</FIELD_ID><VERSION>0001</VERSION><EVENT>updateFinished</EVENT><SEQNR>00001</SEQNR><TEXT>if (modeloTableProgress.oData !== undefined) {</TEXT></_-NEPTUNE_-_EVTSCR><_-NEPTUNE_-_EVTSCR><APPLID>ZUI_NAD_PROGRESS_DEMO</APPLID><FIELD_ID>00011</FIELD_ID><VERSION>0001</VERSION><EVENT>updateFinished</EVENT><SEQNR>00002</SEQNR><TEXT>    var dataLength = modeloTableProgress.oData.length;</TEXT></_-NEPTUNE_-_EVTSCR><_-NEPTUNE_-_EVTSCR><APPLID>ZUI_NAD_PROGRESS_DEMO</APPLID><FIELD_ID>00011</FIELD_ID><VERSION>0001</VERSION><EVENT>updateFinished</EVENT><SEQNR>00003</SEQNR><TEXT>    if (dataLength !== undefined) {</TEXT></_-NEPTUNE_-_EVTSCR><_-NEPTUNE_-_EVTSCR><APPLID>ZUI_NAD_PROGRESS_DEMO</APPLID><FIELD_ID>00011</FIELD_ID><VERSION>0001</VERSION><EVENT>updateFinished</EVENT><SEQNR>00004</SEQNR><TEXT>        oTableProgress.getItems()[dataLength - 1].getDomRef().scrollIntoView();</TEXT></_-NEPTUNE_-_EVTSCR><_-NEPTUNE_-_EVTSCR><APPLID>ZUI_NAD_PROGRESS_DEMO</APPLID><FIELD_ID>00011</FIELD_ID><VERSION>0001</VERSION><EVENT>updateFinished</EVENT><SEQNR>00005</SEQNR><TEXT>    }</TEXT></_-NEPTUNE_-_EVTSCR><_-NEPTUNE_-_EVTSCR><APPLID>ZUI_NAD_PROGRESS_DEMO</APPLID><FIELD_ID>00011</FIELD_ID><VERSION>0001</VERSION><EVENT>updateFinished</EVENT><SEQNR>00006</SEQNR><TEXT>}</TEXT></_-NEPTUNE_-_EVTSCR><_-NEPTUNE_-_EVTSCR><APPLID>ZUI_NAD_PROGRESS_DEMO</APPLID><FIELD_ID>00025</FIELD_ID><VERSION>0001</VERSION><EVENT>ajaxError</EVENT><SEQNR>00001</SEQNR><TEXT>oBusyDialogMessage.close();</TEXT></_-NEPTUNE_-_EVTSCR><_-NEPTUNE_-_EVTSCR><APPLID>ZUI_NAD_PROGRESS_DEMO</APPLID><FIELD_ID>00025</FIELD_ID><VERSION>0001</VERSION><EVENT>ajaxError</EVENT><SEQNR>00002</SEQNR><TEXT>socket.close();</TEXT></_-NEPTUNE_-_EVTSCR><_-NEPTUNE_-_EVTSCR><APPLID>ZUI_NAD_PROGRESS_DEMO</APPLID><FIELD_ID>00025</FIELD_ID><VERSION>0001</VERSION><EVENT>ajaxSuccess</EVENT><SEQNR>00001</SEQNR><TEXT>oBusyDialogMessage.close();</TEXT></_-NEPTUNE_-_EVTSCR><_-NEPTUNE_-_EVTSCR><APPLID>ZUI_NAD_PROGRESS_DEMO</APPLID><FIELD_ID>00025</FIELD_ID><VERSION>0001</VERSION><EVENT>ajaxSuccess</EVENT><SEQNR>00002</SEQNR><TEXT>socket.close();</TEXT></_-NEPTUNE_-_EVTSCR><_-NEPTUNE_-_EVTSCR><APPLID>ZUI_NAD_PROGRESS_DEMO</APPLID><FIELD_ID>00026</FIELD_ID><VERSION>0001</VERSION><EVENT>ajaxError</EVENT><SEQNR>00001</SEQNR><TEXT>oButtonClose.setEnabled(true);</TEXT></_-NEPTUNE_-_EVTSCR><_-NEPTUNE_-_EVTSCR><APPLID>ZUI_NAD_PROGRESS_DEMO</APPLID><FIELD_ID>00026</FIELD_ID><VERSION>0001</VERSION><EVENT>ajaxSuccess</EVENT><SEQNR>00001</SEQNR><TEXT>oButtonClose.setEnabled(true);</TEXT></_-NEPTUNE_-_EVTSCR></IT_EVENT_SCRIPT><IT_MODEL/><WA_CONTENT><APPLID>ZUI_NAD_PROGRESS_DEMO</APPLID><FIELD_ID>00001</FIELD_ID><VERSION>0001</VERSION><FIELD_NAME>HTML5 Document</FIELD_NAME><FIELD_TYPE>HTML5 DOC</FIELD_TYPE><FIELD_LABEL/><FIELD_POS>00001</FIELD_POS><FIELD_PARENT>00000</FIELD_PARENT><DISABLED/><IS_CONTAINER/><ON_ENTER/><COMBO_TABLE/><COMBO_FIELD/><COMBO_LABEL/><COMBO_TECH/><EVENT_ID/><DESCR/><SH/><SH_KEY/><MEMORYID/><SEL_MULTIPLE/><CHART_FIELD_X/><CHART_FIELD_Y/><CHART_FIELD_DATA/><CHART_COUNT/><DEFAULT_VALUE/><DEFAULT_DATE>0000-00-00</DEFAULT_DATE><CALCULATE_DATE>0</CALCULATE_DATE><DATE_TODAY/><NAV_APPLID/><IS_VIEW>X</IS_VIEW><FLAG1/><FLAG2/><CHART_FIELD_4/><CHART_FIELD_5/><FLAG3/><FLAG4/><FLAG5/><FLAG6/><FLAG7/><EXTEND_ID>00000</EXTEND_ID><EXTEND_TYPE/><ODATA_PATH/></WA_CONTENT><WA_ATTRIBUTES><APPLID/><FIELD_ID>00000</FIELD_ID><VERSION>0000</VERSION><ATTRIBUTE/><GROUPING/><VALUE/></WA_ATTRIBUTES><WA_HTML><APPLID/><FIELD_ID>00000</FIELD_ID><VERSION>0000</VERSION><SEQNR>00000</SEQNR><TEXT/></WA_HTML><WA_SCRIPT><APPLID/><FIELD_ID>00000</FIELD_ID><VERSION>0000</VERSION><SEQNR>00000</SEQNR><TEXT/></WA_SCRIPT><WA_TABLE_FIELDS><APPLID/><FIELD_ID>00000</FIELD_ID><VERSION>0000</VERSION><TABNAME/><KEYFIELD/><DOMNAME/><OUTPUTLEN>000000</OUTPUTLEN><DECIMALS>000000</DECIMALS><DATATYPE/><CONVEXIT/><REPTEXT/><FIELD_POS>000</FIELD_POS><VISIBLE/><REPTEXT_C/><PRE/><POST/></WA_TABLE_FIELDS><WA_ATTRIBUTES_CUSTOMER><APPLID/><FIELD_ID>00000</FIELD_ID><VERSION>0000</VERSION><VALUE/></WA_ATTRIBUTES_CUSTOMER><WA_FILTER><APPLID/><FIELD_ID>00000</FIELD_ID><VERSION>0000</VERSION><SEQNR>00000</SEQNR><SIGN/><OPTI/><LOW/><HIGH/></WA_FILTER><WA_CSS_DESKTOP><APPLID/><VERSION>0000</VERSION><SEQNR>00000</SEQNR><TEXT/></WA_CSS_DESKTOP><WA_CSS_MOBILE><APPLID/><VERSION>0000</VERSION><SEQNR>00000</SEQNR><TEXT/></WA_CSS_MOBILE><WA_CSS_TABLET><APPLID/><VERSION>0000</VERSION><SEQNR>00000</SEQNR><TEXT/></WA_CSS_TABLET><WA_LANGUAGE><APPLID/><FIELD_ID>00000</FIELD_ID><VERSION>0000</VERSION><LANGUAGE/><ATTRIBUTE/><FIELD_LABEL/></WA_LANGUAGE><WA_STYLE><APPLID/><FIELD_ID>00000</FIELD_ID><VERSION>0000</VERSION><STYLE/><VALUE/></WA_STYLE><WA_STYLE_CUSTOMER><APPLID/><FIELD_ID>00000</FIELD_ID><VERSION>0000</VERSION><VALUE/></WA_STYLE_CUSTOMER><WA_PLUGIN><APPLID>ZUI_NAD_PROGRESS_DEMO</APPLID><VERSION>0001</VERSION><PLUGIN_ID>SAP_BELIZE</PLUGIN_ID><SORTING>40</SORTING></WA_PLUGIN><WA_MANIFEST><APPLID/><VERSION>0000</VERSION><SEQNR>00000</SEQNR><TEXT/></WA_MANIFEST><WA_BINDING><APPLID/><FIELD_ID>00000</FIELD_ID><VERSION>0000</VERSION><BIND_OBJECT/><BIND_TYPE/><BINDING/><CONVEXIT/></WA_BINDING><WA_EVENT_SCRIPT><APPLID/><FIELD_ID>00000</FIELD_ID><VERSION>0000</VERSION><EVENT/><SEQNR>00000</SEQNR><TEXT/></WA_EVENT_SCRIPT><WA_MODEL><APPLID/><FIELD_ID>00000</FIELD_ID><VERSION>0000</VERSION><MODEL_ID>00000</MODEL_ID><MODEL/><SEND/><RECEIVE/></WA_MODEL></PROJECT></asx:values></asx:abap>